Spin ID,Date / Time,Number,Colour,Parity,Range,Table Session,
2907c85e-ba67-4e81-8701-8ca749acd77c:1,2026-07-18T05:45:47.887Z,4,Black,even,low,2907c85e-ba67-4e81-8701-8ca749acd77c,
2907c85e-ba67-4e81-8701-8ca749acd77c:2,2026-07-18T05:47:17.081Z,7,Red,odd,low,2907c85e-ba67-4e81-8701-8ca749acd77c,
2907c85e-ba67-4e81-8701-8ca749acd77c:3,2026-07-18T05:47:27.637Z,6,Black,even,low,2907c85e-ba67-4e81-8701-8ca749acd77c,
2907c85e-ba67-4e81-8701-8ca749acd77c:4,2026-07-18T05:47:45.540Z,8,Black,even,low,2907c85e-ba67-4e81-8701-8ca749acd77c,
2907c85e-ba67-4e81-8701-8ca749acd77c:5,2026-07-18T05:48:00.912Z,19,Red,odd,high,2907c85e-ba67-4e81-8701-8ca749acd77c,
b7978444-873c-40a4-b8c8-22bd1cb0f8ac:1,2026-07-18T05:55:23.563Z,36,Red,even,high,b7978444-873c-40a4-b8c8-22bd1cb0f8ac,
b7978444-873c-40a4-b8c8-22bd1cb0f8ac:2,2026-07-18T05:55:31.744Z,14,Red,even,low,b7978444-873c-40a4-b8c8-22bd1cb0f8ac,
b7978444-873c-40a4-b8c8-22bd1cb0f8ac:3,2026-07-18T05:55:33.747Z,0,Green,Zero,Zero,b7978444-873c-40a4-b8c8-22bd1cb0f8ac,
b7978444-873c-40a4-b8c8-22bd1cb0f8ac:4,2026-07-18T05:55:37.137Z,0,Green,Zero,Zero,b7978444-873c-40a4-b8c8-22bd1cb0f8ac,
f4a548a2-7a06-4a32-bc6e-1bb2316f0519:1,2026-07-18T08:22:32.561Z,12,Red,even,low,f4a548a2-7a06-4a32-bc6e-1bb2316f0519,
f4a548a2-7a06-4a32-bc6e-1bb2316f0519:2,2026-07-18T08:22:36.253Z,11,Black,odd,low,f4a548a2-7a06-4a32-bc6e-1bb2316f0519,
f4a548a2-7a06-4a32-bc6e-1bb2316f0519:3,2026-07-18T08:22:38.160Z,16,Red,even,low,f4a548a2-7a06-4a32-bc6e-1bb2316f0519,
f4a548a2-7a06-4a32-bc6e-1bb2316f0519:4,2026-07-18T08:22:40.387Z,26,Black,even,high,f4a548a2-7a06-4a32-bc6e-1bb2316f0519,
f4a548a2-7a06-4a32-bc6e-1bb2316f0519:5,2026-07-18T08:22:41.740Z,3,Red,odd,low,f4a548a2-7a06-4a32-bc6e-1bb2316f0519,
f4a548a2-7a06-4a32-bc6e-1bb2316f0519:6,2026-07-18T08:22:43.401Z,31,Black,odd,high,f4a548a2-7a06-4a32-bc6e-1bb2316f0519,
f4a548a2-7a06-4a32-bc6e-1bb2316f0519:7,2026-07-18T08:22:45.667Z,28,Black,even,high,f4a548a2-7a06-4a32-bc6e-1bb2316f0519,
f4a548a2-7a06-4a32-bc6e-1bb2316f0519:8,2026-07-18T08:22:47.369Z,29,Black,odd,high,f4a548a2-7a06-4a32-bc6e-1bb2316f0519,
f4a548a2-7a06-4a32-bc6e-1bb2316f0519:9,2026-07-18T08:22:48.899Z,21,Red,odd,high,f4a548a2-7a06-4a32-bc6e-1bb2316f0519,
f4a548a2-7a06-4a32-bc6e-1bb2316f0519:10,2026-07-18T08:23:00.755Z,4,Black,even,low,f4a548a2-7a06-4a32-bc6e-1bb2316f0519,
f4a548a2-7a06-4a32-bc6e-1bb2316f0519:11,2026-07-18T08:23:04.006Z,22,Black,even,high,f4a548a2-7a06-4a32-bc6e-1bb2316f0519,
f4a548a2-7a06-4a32-bc6e-1bb2316f0519:12,2026-07-18T08:23:09.635Z,30,Red,even,high,f4a548a2-7a06-4a32-bc6e-1bb2316f0519,
f4a548a2-7a06-4a32-bc6e-1bb2316f0519:13,2026-07-18T08:23:32.654Z,2,Black,even,low,f4a548a2-7a06-4a32-bc6e-1bb2316f0519,
f4a548a2-7a06-4a32-bc6e-1bb2316f0519:14,2026-07-18T08:24:09.780Z,9,Red,odd,low,f4a548a2-7a06-4a32-bc6e-1bb2316f0519,
f4a548a2-7a06-4a32-bc6e-1bb2316f0519:15,2026-07-18T08:24:48.243Z,23,Red,odd,high,f4a548a2-7a06-4a32-bc6e-1bb2316f0519,
f4a548a2-7a06-4a32-bc6e-1bb2316f0519:16,2026-07-18T08:25:26.552Z,3,Red,odd,low,f4a548a2-7a06-4a32-bc6e-1bb2316f0519,
f4a548a2-7a06-4a32-bc6e-1bb2316f0519:17,2026-07-18T08:26:06.599Z,35,Black,odd,high,f4a548a2-7a06-4a32-bc6e-1bb2316f0519,
f4a548a2-7a06-4a32-bc6e-1bb2316f0519:18,2026-07-18T08:26:50.204Z,6,Black,even,low,f4a548a2-7a06-4a32-bc6e-1bb2316f0519,
f4a548a2-7a06-4a32-bc6e-1bb2316f0519:19,2026-07-18T08:27:21.961Z,34,Red,even,high,f4a548a2-7a06-4a32-bc6e-1bb2316f0519,
f4a548a2-7a06-4a32-bc6e-1bb2316f0519:20,2026-07-18T08:27:56.338Z,19,Red,odd,high,f4a548a2-7a06-4a32-bc6e-1bb2316f0519,
f4a548a2-7a06-4a32-bc6e-1bb2316f0519:21,2026-07-18T08:28:34.073Z,29,Black,odd,high,f4a548a2-7a06-4a32-bc6e-1bb2316f0519,
f4a548a2-7a06-4a32-bc6e-1bb2316f0519:22,2026-07-18T08:29:13.211Z,5,Red,odd,low,f4a548a2-7a06-4a32-bc6e-1bb2316f0519,
f4a548a2-7a06-4a32-bc6e-1bb2316f0519:23,2026-07-18T08:29:48.699Z,0,Green,Zero,Zero,f4a548a2-7a06-4a32-bc6e-1bb2316f0519,
f4a548a2-7a06-4a32-bc6e-1bb2316f0519:24,2026-07-18T08:30:28.045Z,13,Black,odd,low,f4a548a2-7a06-4a32-bc6e-1bb2316f0519,
f4a548a2-7a06-4a32-bc6e-1bb2316f0519:25,2026-07-18T08:31:04.391Z,29,Black,odd,high,f4a548a2-7a06-4a32-bc6e-1bb2316f0519,
f4a548a2-7a06-4a32-bc6e-1bb2316f0519:26,2026-07-18T08:31:40.244Z,30,Red,even,high,f4a548a2-7a06-4a32-bc6e-1bb2316f0519,
f4a548a2-7a06-4a32-bc6e-1bb2316f0519:27,2026-07-18T08:32:16.706Z,20,Black,even,high,f4a548a2-7a06-4a32-bc6e-1bb2316f0519,
f4a548a2-7a06-4a32-bc6e-1bb2316f0519:28,2026-07-18T08:32:53.468Z,15,Black,odd,low,f4a548a2-7a06-4a32-bc6e-1bb2316f0519,
f4a548a2-7a06-4a32-bc6e-1bb2316f0519:29,2026-07-18T08:33:33.921Z,29,Black,odd,high,f4a548a2-7a06-4a32-bc6e-1bb2316f0519,
f4a548a2-7a06-4a32-bc6e-1bb2316f0519:30,2026-07-18T08:34:06.534Z,34,Red,even,high,f4a548a2-7a06-4a32-bc6e-1bb2316f0519,
f4a548a2-7a06-4a32-bc6e-1bb2316f0519:31,2026-07-18T08:34:44.352Z,13,Black,odd,low,f4a548a2-7a06-4a32-bc6e-1bb2316f0519,
f4a548a2-7a06-4a32-bc6e-1bb2316f0519:32,2026-07-18T08:35:23.692Z,31,Black,odd,high,f4a548a2-7a06-4a32-bc6e-1bb2316f0519,
f4a548a2-7a06-4a32-bc6e-1bb2316f0519:33,2026-07-18T08:35:56.488Z,21,Red,odd,high,f4a548a2-7a06-4a32-bc6e-1bb2316f0519,
f4a548a2-7a06-4a32-bc6e-1bb2316f0519:34,2026-07-18T08:36:34.125Z,26,Black,even,high,f4a548a2-7a06-4a32-bc6e-1bb2316f0519,
f4a548a2-7a06-4a32-bc6e-1bb2316f0519:35,2026-07-18T08:37:10.723Z,2,Black,even,low,f4a548a2-7a06-4a32-bc6e-1bb2316f0519,
f4a548a2-7a06-4a32-bc6e-1bb2316f0519:36,2026-07-18T08:37:48.842Z,33,Black,odd,high,f4a548a2-7a06-4a32-bc6e-1bb2316f0519,
f4a548a2-7a06-4a32-bc6e-1bb2316f0519:37,2026-07-18T08:38:26.077Z,1,Red,odd,low,f4a548a2-7a06-4a32-bc6e-1bb2316f0519,
f4a548a2-7a06-4a32-bc6e-1bb2316f0519:38,2026-07-18T08:39:04.229Z,22,Black,even,high,f4a548a2-7a06-4a32-bc6e-1bb2316f0519,
f4a548a2-7a06-4a32-bc6e-1bb2316f0519:39,2026-07-18T08:39:42.417Z,1,Red,odd,low,f4a548a2-7a06-4a32-bc6e-1bb2316f0519,
f4a548a2-7a06-4a32-bc6e-1bb2316f0519:40,2026-07-18T08:40:21.969Z,14,Red,even,low,f4a548a2-7a06-4a32-bc6e-1bb2316f0519,
f4a548a2-7a06-4a32-bc6e-1bb2316f0519:41,2026-07-18T08:41:05.831Z,20,Black,even,high,f4a548a2-7a06-4a32-bc6e-1bb2316f0519,
f4a548a2-7a06-4a32-bc6e-1bb2316f0519:42,2026-07-18T08:41:44.409Z,16,Red,even,low,f4a548a2-7a06-4a32-bc6e-1bb2316f0519,
f4a548a2-7a06-4a32-bc6e-1bb2316f0519:43,2026-07-18T08:42:21.024Z,30,Red,even,high,f4a548a2-7a06-4a32-bc6e-1bb2316f0519,
f4a548a2-7a06-4a32-bc6e-1bb2316f0519:44,2026-07-18T08:42:57.472Z,2,Black,even,low,f4a548a2-7a06-4a32-bc6e-1bb2316f0519,
f4a548a2-7a06-4a32-bc6e-1bb2316f0519:45,2026-07-18T08:43:35.997Z,33,Black,odd,high,f4a548a2-7a06-4a32-bc6e-1bb2316f0519,
f4a548a2-7a06-4a32-bc6e-1bb2316f0519:46,2026-07-18T08:44:10.876Z,6,Black,even,low,f4a548a2-7a06-4a32-bc6e-1bb2316f0519,
f4a548a2-7a06-4a32-bc6e-1bb2316f0519:47,2026-07-18T08:44:53.025Z,18,Red,even,low,f4a548a2-7a06-4a32-bc6e-1bb2316f0519,
d4daf128-3bd8-497c-88a9-fd18fc39c4c3:1,2026-07-18T08:56:48.812Z,0,Green,Zero,Zero,d4daf128-3bd8-497c-88a9-fd18fc39c4c3,
d4daf128-3bd8-497c-88a9-fd18fc39c4c3:2,2026-07-18T08:56:53.023Z,2,Black,even,low,d4daf128-3bd8-497c-88a9-fd18fc39c4c3,
d4daf128-3bd8-497c-88a9-fd18fc39c4c3:3,2026-07-18T08:56:54.976Z,4,Black,even,low,d4daf128-3bd8-497c-88a9-fd18fc39c4c3,
d4daf128-3bd8-497c-88a9-fd18fc39c4c3:4,2026-07-18T08:56:57.196Z,6,Black,even,low,d4daf128-3bd8-497c-88a9-fd18fc39c4c3,
3d71c342-9fda-406d-9c9e-e21b022af4fa:1,2026-07-18T10:07:14.062Z,12,Red,even,low,3d71c342-9fda-406d-9c9e-e21b022af4fa,
3d71c342-9fda-406d-9c9e-e21b022af4fa:2,2026-07-18T10:07:36.546Z,4,Black,even,low,3d71c342-9fda-406d-9c9e-e21b022af4fa,
3d71c342-9fda-406d-9c9e-e21b022af4fa:3,2026-07-18T10:08:15.578Z,34,Red,even,high,3d71c342-9fda-406d-9c9e-e21b022af4fa,
3d71c342-9fda-406d-9c9e-e21b022af4fa:4,2026-07-18T10:08:56.609Z,28,Black,even,high,3d71c342-9fda-406d-9c9e-e21b022af4fa,
3d71c342-9fda-406d-9c9e-e21b022af4fa:5,2026-07-18T10:09:35.980Z,0,Green,Zero,Zero,3d71c342-9fda-406d-9c9e-e21b022af4fa,
3d71c342-9fda-406d-9c9e-e21b022af4fa:6,2026-07-18T10:10:10.350Z,23,Red,odd,high,3d71c342-9fda-406d-9c9e-e21b022af4fa,
3d71c342-9fda-406d-9c9e-e21b022af4fa:7,2026-07-18T10:10:46.920Z,28,Black,even,high,3d71c342-9fda-406d-9c9e-e21b022af4fa,
3d71c342-9fda-406d-9c9e-e21b022af4fa:8,2026-07-18T10:11:51.966Z,18,Red,even,low,3d71c342-9fda-406d-9c9e-e21b022af4fa,
3d71c342-9fda-406d-9c9e-e21b022af4fa:9,2026-07-18T10:12:33.510Z,27,Red,odd,high,3d71c342-9fda-406d-9c9e-e21b022af4fa,
3d71c342-9fda-406d-9c9e-e21b022af4fa:10,2026-07-18T10:13:13.218Z,36,Red,even,high,3d71c342-9fda-406d-9c9e-e21b022af4fa,
3d71c342-9fda-406d-9c9e-e21b022af4fa:11,2026-07-18T10:13:55.247Z,24,Black,even,high,3d71c342-9fda-406d-9c9e-e21b022af4fa,
3d71c342-9fda-406d-9c9e-e21b022af4fa:12,2026-07-18T10:14:37.357Z,4,Black,even,low,3d71c342-9fda-406d-9c9e-e21b022af4fa,
3d71c342-9fda-406d-9c9e-e21b022af4fa:13,2026-07-18T10:15:18.636Z,11,Black,odd,low,3d71c342-9fda-406d-9c9e-e21b022af4fa,
3d71c342-9fda-406d-9c9e-e21b022af4fa:14,2026-07-18T10:16:00.651Z,7,Red,odd,low,3d71c342-9fda-406d-9c9e-e21b022af4fa,
3d71c342-9fda-406d-9c9e-e21b022af4fa:15,2026-07-18T10:16:41.825Z,2,Black,even,low,3d71c342-9fda-406d-9c9e-e21b022af4fa,
3d71c342-9fda-406d-9c9e-e21b022af4fa:16,2026-07-18T10:17:24.436Z,0,Green,Zero,Zero,3d71c342-9fda-406d-9c9e-e21b022af4fa,
3d71c342-9fda-406d-9c9e-e21b022af4fa:17,2026-07-18T10:18:07.060Z,9,Red,odd,low,3d71c342-9fda-406d-9c9e-e21b022af4fa,
3d71c342-9fda-406d-9c9e-e21b022af4fa:18,2026-07-18T10:18:50.259Z,29,Black,odd,high,3d71c342-9fda-406d-9c9e-e21b022af4fa,
3d71c342-9fda-406d-9c9e-e21b022af4fa:19,2026-07-18T10:19:34.430Z,26,Black,even,high,3d71c342-9fda-406d-9c9e-e21b022af4fa,
3d71c342-9fda-406d-9c9e-e21b022af4fa:20,2026-07-18T10:20:12.994Z,7,Red,odd,low,3d71c342-9fda-406d-9c9e-e21b022af4fa,
3d71c342-9fda-406d-9c9e-e21b022af4fa:21,2026-07-18T10:20:54.592Z,8,Black,even,low,3d71c342-9fda-406d-9c9e-e21b022af4fa,
3d71c342-9fda-406d-9c9e-e21b022af4fa:22,2026-07-18T10:21:37.519Z,0,Green,Zero,Zero,3d71c342-9fda-406d-9c9e-e21b022af4fa,
3d71c342-9fda-406d-9c9e-e21b022af4fa:23,2026-07-18T10:22:19.203Z,10,Black,even,low,3d71c342-9fda-406d-9c9e-e21b022af4fa,
3d71c342-9fda-406d-9c9e-e21b022af4fa:24,2026-07-18T10:23:02.652Z,34,Red,even,high,3d71c342-9fda-406d-9c9e-e21b022af4fa,
3d71c342-9fda-406d-9c9e-e21b022af4fa:25,2026-07-18T10:23:43.241Z,13,Black,odd,low,3d71c342-9fda-406d-9c9e-e21b022af4fa,
3d71c342-9fda-406d-9c9e-e21b022af4fa:26,2026-07-18T10:24:23.197Z,11,Black,odd,low,3d71c342-9fda-406d-9c9e-e21b022af4fa,
3d71c342-9fda-406d-9c9e-e21b022af4fa:27,2026-07-18T10:25:04.175Z,17,Black,odd,low,3d71c342-9fda-406d-9c9e-e21b022af4fa,
3d71c342-9fda-406d-9c9e-e21b022af4fa:28,2026-07-18T10:25:44.072Z,24,Black,even,high,3d71c342-9fda-406d-9c9e-e21b022af4fa,
3d71c342-9fda-406d-9c9e-e21b022af4fa:29,2026-07-18T10:26:25.467Z,2,Black,even,low,3d71c342-9fda-406d-9c9e-e21b022af4fa,
3d71c342-9fda-406d-9c9e-e21b022af4fa:30,2026-07-18T10:27:05.377Z,8,Black,even,low,3d71c342-9fda-406d-9c9e-e21b022af4fa,
3d71c342-9fda-406d-9c9e-e21b022af4fa:31,2026-07-18T10:27:48.008Z,9,Red,odd,low,3d71c342-9fda-406d-9c9e-e21b022af4fa,
3d71c342-9fda-406d-9c9e-e21b022af4fa:32,2026-07-18T10:28:30.433Z,26,Black,even,high,3d71c342-9fda-406d-9c9e-e21b022af4fa,
3d71c342-9fda-406d-9c9e-e21b022af4fa:33,2026-07-18T10:29:13.096Z,26,Black,even,high,3d71c342-9fda-406d-9c9e-e21b022af4fa,
3d71c342-9fda-406d-9c9e-e21b022af4fa:34,2026-07-18T10:29:56.597Z,28,Black,even,high,3d71c342-9fda-406d-9c9e-e21b022af4fa,
3d71c342-9fda-406d-9c9e-e21b022af4fa:35,2026-07-18T10:30:36.591Z,26,Black,even,high,3d71c342-9fda-406d-9c9e-e21b022af4fa,
3d71c342-9fda-406d-9c9e-e21b022af4fa:36,2026-07-18T10:31:21.049Z,2,Black,even,low,3d71c342-9fda-406d-9c9e-e21b022af4fa,
3d71c342-9fda-406d-9c9e-e21b022af4fa:37,2026-07-18T10:32:01.694Z,20,Black,even,high,3d71c342-9fda-406d-9c9e-e21b022af4fa,
3d71c342-9fda-406d-9c9e-e21b022af4fa:38,2026-07-18T10:32:45.644Z,16,Red,even,low,3d71c342-9fda-406d-9c9e-e21b022af4fa,
3d71c342-9fda-406d-9c9e-e21b022af4fa:39,2026-07-18T10:33:29.388Z,33,Black,odd,high,3d71c342-9fda-406d-9c9e-e21b022af4fa,
3d71c342-9fda-406d-9c9e-e21b022af4fa:40,2026-07-18T10:34:09.744Z,27,Red,odd,high,3d71c342-9fda-406d-9c9e-e21b022af4fa,
3d71c342-9fda-406d-9c9e-e21b022af4fa:41,2026-07-18T10:34:52.458Z,31,Black,odd,high,3d71c342-9fda-406d-9c9e-e21b022af4fa,
3d71c342-9fda-406d-9c9e-e21b022af4fa:42,2026-07-18T10:35:34.459Z,12,Red,even,low,3d71c342-9fda-406d-9c9e-e21b022af4fa,
3d71c342-9fda-406d-9c9e-e21b022af4fa:43,2026-07-18T10:36:14.310Z,1,Red,odd,low,3d71c342-9fda-406d-9c9e-e21b022af4fa,
3d71c342-9fda-406d-9c9e-e21b022af4fa:44,2026-07-18T10:36:55.670Z,16,Red,even,low,3d71c342-9fda-406d-9c9e-e21b022af4fa,
3d71c342-9fda-406d-9c9e-e21b022af4fa:45,2026-07-18T10:37:36.734Z,18,Red,even,low,3d71c342-9fda-406d-9c9e-e21b022af4fa,
3d71c342-9fda-406d-9c9e-e21b022af4fa:46,2026-07-18T10:38:17.805Z,11,Black,odd,low,3d71c342-9fda-406d-9c9e-e21b022af4fa,
3d71c342-9fda-406d-9c9e-e21b022af4fa:47,2026-07-18T10:38:57.878Z,11,Black,odd,low,3d71c342-9fda-406d-9c9e-e21b022af4fa,
3d71c342-9fda-406d-9c9e-e21b022af4fa:48,2026-07-18T10:39:39.964Z,15,Black,odd,low,3d71c342-9fda-406d-9c9e-e21b022af4fa,
3d71c342-9fda-406d-9c9e-e21b022af4fa:49,2026-07-18T10:40:29.180Z,3,Red,odd,low,3d71c342-9fda-406d-9c9e-e21b022af4fa,
3d71c342-9fda-406d-9c9e-e21b022af4fa:50,2026-07-18T10:41:36.352Z,22,Black,even,high,3d71c342-9fda-406d-9c9e-e21b022af4fa,
3d71c342-9fda-406d-9c9e-e21b022af4fa:51,2026-07-18T10:41:59.842Z,28,Black,even,high,3d71c342-9fda-406d-9c9e-e21b022af4fa,
4dfc4422-6f3a-4ab5-b998-af3346d288ab:1,2026-07-18T10:46:17.474Z,17,Black,odd,low,4dfc4422-6f3a-4ab5-b998-af3346d288ab,
4dfc4422-6f3a-4ab5-b998-af3346d288ab:2,2026-07-18T10:46:43.148Z,20,Black,even,high,4dfc4422-6f3a-4ab5-b998-af3346d288ab,
4dfc4422-6f3a-4ab5-b998-af3346d288ab:3,2026-07-18T10:47:26.896Z,15,Black,odd,low,4dfc4422-6f3a-4ab5-b998-af3346d288ab,
4dfc4422-6f3a-4ab5-b998-af3346d288ab:4,2026-07-18T10:48:03.621Z,8,Black,even,low,4dfc4422-6f3a-4ab5-b998-af3346d288ab,
4dfc4422-6f3a-4ab5-b998-af3346d288ab:5,2026-07-18T10:48:44.102Z,17,Black,odd,low,4dfc4422-6f3a-4ab5-b998-af3346d288ab,
4dfc4422-6f3a-4ab5-b998-af3346d288ab:6,2026-07-18T10:49:27.520Z,10,Black,even,low,4dfc4422-6f3a-4ab5-b998-af3346d288ab,
4dfc4422-6f3a-4ab5-b998-af3346d288ab:7,2026-07-18T10:50:09.015Z,15,Black,odd,low,4dfc4422-6f3a-4ab5-b998-af3346d288ab,
4dfc4422-6f3a-4ab5-b998-af3346d288ab:8,2026-07-18T10:50:47.924Z,22,Black,even,high,4dfc4422-6f3a-4ab5-b998-af3346d288ab,
4dfc4422-6f3a-4ab5-b998-af3346d288ab:9,2026-07-18T10:51:28.670Z,28,Black,even,high,4dfc4422-6f3a-4ab5-b998-af3346d288ab,
4dfc4422-6f3a-4ab5-b998-af3346d288ab:10,2026-07-18T10:52:05.622Z,26,Black,even,high,4dfc4422-6f3a-4ab5-b998-af3346d288ab,
4dfc4422-6f3a-4ab5-b998-af3346d288ab:11,2026-07-18T10:52:46.243Z,2,Black,even,low,4dfc4422-6f3a-4ab5-b998-af3346d288ab,
4dfc4422-6f3a-4ab5-b998-af3346d288ab:12,2026-07-18T10:53:28.935Z,8,Black,even,low,4dfc4422-6f3a-4ab5-b998-af3346d288ab,
4dfc4422-6f3a-4ab5-b998-af3346d288ab:13,2026-07-18T10:54:00.534Z,36,Red,even,high,4dfc4422-6f3a-4ab5-b998-af3346d288ab,
4dfc4422-6f3a-4ab5-b998-af3346d288ab:14,2026-07-18T10:54:34.018Z,22,Black,even,high,4dfc4422-6f3a-4ab5-b998-af3346d288ab,
4dfc4422-6f3a-4ab5-b998-af3346d288ab:15,2026-07-18T10:55:11.039Z,29,Black,odd,high,4dfc4422-6f3a-4ab5-b998-af3346d288ab,
97548f88-6f7a-4443-8892-3046e7b89bcc:1,2026-07-18T11:13:12.826Z,9,Red,odd,low,97548f88-6f7a-4443-8892-3046e7b89bcc,
97548f88-6f7a-4443-8892-3046e7b89bcc:2,2026-07-18T11:13:14.588Z,35,Black,odd,high,97548f88-6f7a-4443-8892-3046e7b89bcc,
97548f88-6f7a-4443-8892-3046e7b89bcc:3,2026-07-18T11:13:15.635Z,6,Black,even,low,97548f88-6f7a-4443-8892-3046e7b89bcc,
97548f88-6f7a-4443-8892-3046e7b89bcc:4,2026-07-18T11:13:16.932Z,0,Green,Zero,Zero,97548f88-6f7a-4443-8892-3046e7b89bcc,
97548f88-6f7a-4443-8892-3046e7b89bcc:5,2026-07-18T11:13:19.315Z,36,Red,even,high,97548f88-6f7a-4443-8892-3046e7b89bcc,
97548f88-6f7a-4443-8892-3046e7b89bcc:6,2026-07-18T11:13:20.844Z,32,Red,even,high,97548f88-6f7a-4443-8892-3046e7b89bcc,
97548f88-6f7a-4443-8892-3046e7b89bcc:7,2026-07-18T11:13:40.407Z,21,Red,odd,high,97548f88-6f7a-4443-8892-3046e7b89bcc,
97548f88-6f7a-4443-8892-3046e7b89bcc:8,2026-07-18T11:13:46.330Z,12,Red,even,low,97548f88-6f7a-4443-8892-3046e7b89bcc,
97548f88-6f7a-4443-8892-3046e7b89bcc:9,2026-07-18T11:13:48.134Z,35,Black,odd,high,97548f88-6f7a-4443-8892-3046e7b89bcc,
97548f88-6f7a-4443-8892-3046e7b89bcc:10,2026-07-18T11:14:01.971Z,0,Green,Zero,Zero,97548f88-6f7a-4443-8892-3046e7b89bcc,
97548f88-6f7a-4443-8892-3046e7b89bcc:11,2026-07-18T11:14:42.423Z,14,Red,even,low,97548f88-6f7a-4443-8892-3046e7b89bcc,
97548f88-6f7a-4443-8892-3046e7b89bcc:12,2026-07-18T11:15:20.172Z,33,Black,odd,high,97548f88-6f7a-4443-8892-3046e7b89bcc,
97548f88-6f7a-4443-8892-3046e7b89bcc:13,2026-07-18T11:16:01.219Z,23,Red,odd,high,97548f88-6f7a-4443-8892-3046e7b89bcc,
97548f88-6f7a-4443-8892-3046e7b89bcc:14,2026-07-18T11:16:40.533Z,18,Red,even,low,97548f88-6f7a-4443-8892-3046e7b89bcc,
97548f88-6f7a-4443-8892-3046e7b89bcc:15,2026-07-18T11:17:23.420Z,30,Red,even,high,97548f88-6f7a-4443-8892-3046e7b89bcc,
97548f88-6f7a-4443-8892-3046e7b89bcc:16,2026-07-18T11:18:02.278Z,5,Red,odd,low,97548f88-6f7a-4443-8892-3046e7b89bcc,
97548f88-6f7a-4443-8892-3046e7b89bcc:17,2026-07-18T11:18:44.951Z,22,Black,even,high,97548f88-6f7a-4443-8892-3046e7b89bcc,
97548f88-6f7a-4443-8892-3046e7b89bcc:18,2026-07-18T11:19:26.082Z,30,Red,even,high,97548f88-6f7a-4443-8892-3046e7b89bcc,
97548f88-6f7a-4443-8892-3046e7b89bcc:19,2026-07-18T11:20:03.762Z,2,Black,even,low,97548f88-6f7a-4443-8892-3046e7b89bcc,
48af5ddc-969a-4e3b-b9b2-aaa6cdeeb3a3:1,2026-07-18T11:20:27.480Z,2,Black,even,low,48af5ddc-969a-4e3b-b9b2-aaa6cdeeb3a3,
48af5ddc-969a-4e3b-b9b2-aaa6cdeeb3a3:2,2026-07-18T11:20:28.415Z,2,Black,even,low,48af5ddc-969a-4e3b-b9b2-aaa6cdeeb3a3,
48af5ddc-969a-4e3b-b9b2-aaa6cdeeb3a3:3,2026-07-18T11:20:29.389Z,2,Black,even,low,48af5ddc-969a-4e3b-b9b2-aaa6cdeeb3a3,
48af5ddc-969a-4e3b-b9b2-aaa6cdeeb3a3:4,2026-07-18T11:20:37.107Z,3,Red,odd,low,48af5ddc-969a-4e3b-b9b2-aaa6cdeeb3a3,
48af5ddc-969a-4e3b-b9b2-aaa6cdeeb3a3:5,2026-07-18T11:20:51.624Z,25,Red,odd,high,48af5ddc-969a-4e3b-b9b2-aaa6cdeeb3a3,
48af5ddc-969a-4e3b-b9b2-aaa6cdeeb3a3:6,2026-07-18T11:20:59.002Z,21,Red,odd,high,48af5ddc-969a-4e3b-b9b2-aaa6cdeeb3a3,
48af5ddc-969a-4e3b-b9b2-aaa6cdeeb3a3:7,2026-07-18T11:21:21.593Z,31,Black,odd,high,48af5ddc-969a-4e3b-b9b2-aaa6cdeeb3a3,
6b3f5a09-159d-4f11-aff8-ea868db89c7e:1,2026-07-18T11:22:00.554Z,20,Black,even,high,6b3f5a09-159d-4f11-aff8-ea868db89c7e,
6b3f5a09-159d-4f11-aff8-ea868db89c7e:2,2026-07-18T11:22:39.535Z,4,Black,even,low,6b3f5a09-159d-4f11-aff8-ea868db89c7e,
6b3f5a09-159d-4f11-aff8-ea868db89c7e:3,2026-07-18T11:23:19.153Z,2,Black,even,low,6b3f5a09-159d-4f11-aff8-ea868db89c7e,
6b3f5a09-159d-4f11-aff8-ea868db89c7e:4,2026-07-18T11:23:57.924Z,4,Black,even,low,6b3f5a09-159d-4f11-aff8-ea868db89c7e,
6b3f5a09-159d-4f11-aff8-ea868db89c7e:5,2026-07-18T11:24:38.444Z,5,Red,odd,low,6b3f5a09-159d-4f11-aff8-ea868db89c7e,
6b3f5a09-159d-4f11-aff8-ea868db89c7e:6,2026-07-18T11:25:23.078Z,12,Red,even,low,6b3f5a09-159d-4f11-aff8-ea868db89c7e,
6b3f5a09-159d-4f11-aff8-ea868db89c7e:7,2026-07-18T11:25:59.679Z,13,Black,odd,low,6b3f5a09-159d-4f11-aff8-ea868db89c7e,
6b3f5a09-159d-4f11-aff8-ea868db89c7e:8,2026-07-18T11:26:32.425Z,26,Black,even,high,6b3f5a09-159d-4f11-aff8-ea868db89c7e,
6b3f5a09-159d-4f11-aff8-ea868db89c7e:9,2026-07-18T11:27:13.267Z,36,Red,even,high,6b3f5a09-159d-4f11-aff8-ea868db89c7e,
6b3f5a09-159d-4f11-aff8-ea868db89c7e:10,2026-07-18T11:27:51.406Z,36,Red,even,high,6b3f5a09-159d-4f11-aff8-ea868db89c7e,
6b3f5a09-159d-4f11-aff8-ea868db89c7e:11,2026-07-18T11:28:31.370Z,18,Red,even,low,6b3f5a09-159d-4f11-aff8-ea868db89c7e,
6b3f5a09-159d-4f11-aff8-ea868db89c7e:12,2026-07-18T11:29:10.884Z,7,Red,odd,low,6b3f5a09-159d-4f11-aff8-ea868db89c7e,
6b3f5a09-159d-4f11-aff8-ea868db89c7e:13,2026-07-18T11:29:49.776Z,14,Red,even,low,6b3f5a09-159d-4f11-aff8-ea868db89c7e,
6b3f5a09-159d-4f11-aff8-ea868db89c7e:14,2026-07-18T11:30:29.317Z,30,Red,even,high,6b3f5a09-159d-4f11-aff8-ea868db89c7e,
6b3f5a09-159d-4f11-aff8-ea868db89c7e:15,2026-07-18T11:31:08.135Z,23,Red,odd,high,6b3f5a09-159d-4f11-aff8-ea868db89c7e,
6b3f5a09-159d-4f11-aff8-ea868db89c7e:16,2026-07-18T11:31:49.082Z,23,Red,odd,high,6b3f5a09-159d-4f11-aff8-ea868db89c7e,
6b3f5a09-159d-4f11-aff8-ea868db89c7e:17,2026-07-18T11:32:32.676Z,22,Black,even,high,6b3f5a09-159d-4f11-aff8-ea868db89c7e,
6b3f5a09-159d-4f11-aff8-ea868db89c7e:18,2026-07-18T11:33:10.041Z,12,Red,even,low,6b3f5a09-159d-4f11-aff8-ea868db89c7e,
6b3f5a09-159d-4f11-aff8-ea868db89c7e:19,2026-07-18T11:33:49.854Z,28,Black,even,high,6b3f5a09-159d-4f11-aff8-ea868db89c7e,
6b3f5a09-159d-4f11-aff8-ea868db89c7e:20,2026-07-18T11:34:29.646Z,17,Black,odd,low,6b3f5a09-159d-4f11-aff8-ea868db89c7e,
6b3f5a09-159d-4f11-aff8-ea868db89c7e:21,2026-07-18T11:35:04.748Z,1,Red,odd,low,6b3f5a09-159d-4f11-aff8-ea868db89c7e,
6b3f5a09-159d-4f11-aff8-ea868db89c7e:22,2026-07-18T11:35:46.023Z,29,Black,odd,high,6b3f5a09-159d-4f11-aff8-ea868db89c7e,
6b3f5a09-159d-4f11-aff8-ea868db89c7e:23,2026-07-18T11:36:23.816Z,32,Red,even,high,6b3f5a09-159d-4f11-aff8-ea868db89c7e,
6b3f5a09-159d-4f11-aff8-ea868db89c7e:24,2026-07-18T11:37:01.349Z,8,Black,even,low,6b3f5a09-159d-4f11-aff8-ea868db89c7e,
6b3f5a09-159d-4f11-aff8-ea868db89c7e:25,2026-07-18T11:37:40.933Z,29,Black,odd,high,6b3f5a09-159d-4f11-aff8-ea868db89c7e,
6b3f5a09-159d-4f11-aff8-ea868db89c7e:26,2026-07-18T11:38:21.521Z,0,Green,Zero,Zero,6b3f5a09-159d-4f11-aff8-ea868db89c7e,
6b3f5a09-159d-4f11-aff8-ea868db89c7e:27,2026-07-18T11:38:58.937Z,10,Black,even,low,6b3f5a09-159d-4f11-aff8-ea868db89c7e,
6b3f5a09-159d-4f11-aff8-ea868db89c7e:28,2026-07-18T11:39:49.587Z,4,Black,even,low,6b3f5a09-159d-4f11-aff8-ea868db89c7e,
6b3f5a09-159d-4f11-aff8-ea868db89c7e:29,2026-07-18T11:40:32.528Z,1,Red,odd,low,6b3f5a09-159d-4f11-aff8-ea868db89c7e,
6b3f5a09-159d-4f11-aff8-ea868db89c7e:30,2026-07-18T11:41:13.062Z,13,Black,odd,low,6b3f5a09-159d-4f11-aff8-ea868db89c7e,
6b3f5a09-159d-4f11-aff8-ea868db89c7e:31,2026-07-18T11:41:54.851Z,31,Black,odd,high,6b3f5a09-159d-4f11-aff8-ea868db89c7e,
6b3f5a09-159d-4f11-aff8-ea868db89c7e:32,2026-07-18T11:42:33.621Z,28,Black,even,high,6b3f5a09-159d-4f11-aff8-ea868db89c7e,
6b3f5a09-159d-4f11-aff8-ea868db89c7e:33,2026-07-18T11:43:16.351Z,35,Black,odd,high,6b3f5a09-159d-4f11-aff8-ea868db89c7e,
6b3f5a09-159d-4f11-aff8-ea868db89c7e:34,2026-07-18T11:43:58.227Z,8,Black,even,low,6b3f5a09-159d-4f11-aff8-ea868db89c7e,
6b3f5a09-159d-4f11-aff8-ea868db89c7e:35,2026-07-18T11:44:40.155Z,13,Black,odd,low,6b3f5a09-159d-4f11-aff8-ea868db89c7e,
6b3f5a09-159d-4f11-aff8-ea868db89c7e:36,2026-07-18T11:45:21.551Z,12,Red,even,low,6b3f5a09-159d-4f11-aff8-ea868db89c7e,
6b3f5a09-159d-4f11-aff8-ea868db89c7e:37,2026-07-18T11:46:01.922Z,0,Green,Zero,Zero,6b3f5a09-159d-4f11-aff8-ea868db89c7e,
6b3f5a09-159d-4f11-aff8-ea868db89c7e:38,2026-07-18T11:46:42.046Z,25,Red,odd,high,6b3f5a09-159d-4f11-aff8-ea868db89c7e,
6b3f5a09-159d-4f11-aff8-ea868db89c7e:39,2026-07-18T11:47:24.104Z,2,Black,even,low,6b3f5a09-159d-4f11-aff8-ea868db89c7e,
6b3f5a09-159d-4f11-aff8-ea868db89c7e:40,2026-07-18T11:48:05.083Z,35,Black,odd,high,6b3f5a09-159d-4f11-aff8-ea868db89c7e,
6b3f5a09-159d-4f11-aff8-ea868db89c7e:41,2026-07-18T11:48:44.885Z,33,Black,odd,high,6b3f5a09-159d-4f11-aff8-ea868db89c7e,
6b3f5a09-159d-4f11-aff8-ea868db89c7e:42,2026-07-18T11:49:27.700Z,7,Red,odd,low,6b3f5a09-159d-4f11-aff8-ea868db89c7e,
6b3f5a09-159d-4f11-aff8-ea868db89c7e:43,2026-07-18T11:50:11.521Z,36,Red,even,high,6b3f5a09-159d-4f11-aff8-ea868db89c7e,
6b3f5a09-159d-4f11-aff8-ea868db89c7e:44,2026-07-18T11:50:51.710Z,1,Red,odd,low,6b3f5a09-159d-4f11-aff8-ea868db89c7e,
6b3f5a09-159d-4f11-aff8-ea868db89c7e:45,2026-07-18T11:51:34.254Z,15,Black,odd,low,6b3f5a09-159d-4f11-aff8-ea868db89c7e,
3daa995b-be0b-4334-b019-dd3ebf9811c0:1,2026-07-18T11:22:00.554Z,20,Black,even,high,3daa995b-be0b-4334-b019-dd3ebf9811c0,
3daa995b-be0b-4334-b019-dd3ebf9811c0:2,2026-07-18T11:22:39.535Z,4,Black,even,low,3daa995b-be0b-4334-b019-dd3ebf9811c0,
3daa995b-be0b-4334-b019-dd3ebf9811c0:3,2026-07-18T11:23:19.153Z,2,Black,even,low,3daa995b-be0b-4334-b019-dd3ebf9811c0,
3daa995b-be0b-4334-b019-dd3ebf9811c0:4,2026-07-18T11:23:57.924Z,4,Black,even,low,3daa995b-be0b-4334-b019-dd3ebf9811c0,
3daa995b-be0b-4334-b019-dd3ebf9811c0:5,2026-07-18T11:24:38.444Z,5,Red,odd,low,3daa995b-be0b-4334-b019-dd3ebf9811c0,
3daa995b-be0b-4334-b019-dd3ebf9811c0:6,2026-07-18T11:25:23.078Z,12,Red,even,low,3daa995b-be0b-4334-b019-dd3ebf9811c0,
3daa995b-be0b-4334-b019-dd3ebf9811c0:7,2026-07-18T11:25:59.679Z,13,Black,odd,low,3daa995b-be0b-4334-b019-dd3ebf9811c0,
3daa995b-be0b-4334-b019-dd3ebf9811c0:8,2026-07-18T11:26:32.425Z,26,Black,even,high,3daa995b-be0b-4334-b019-dd3ebf9811c0,
3daa995b-be0b-4334-b019-dd3ebf9811c0:9,2026-07-18T11:27:13.267Z,36,Red,even,high,3daa995b-be0b-4334-b019-dd3ebf9811c0,
3daa995b-be0b-4334-b019-dd3ebf9811c0:10,2026-07-18T11:27:51.406Z,36,Red,even,high,3daa995b-be0b-4334-b019-dd3ebf9811c0,
3daa995b-be0b-4334-b019-dd3ebf9811c0:11,2026-07-18T11:28:31.370Z,18,Red,even,low,3daa995b-be0b-4334-b019-dd3ebf9811c0,
3daa995b-be0b-4334-b019-dd3ebf9811c0:12,2026-07-18T11:29:10.884Z,7,Red,odd,low,3daa995b-be0b-4334-b019-dd3ebf9811c0,
3daa995b-be0b-4334-b019-dd3ebf9811c0:13,2026-07-18T11:29:49.776Z,14,Red,even,low,3daa995b-be0b-4334-b019-dd3ebf9811c0,
3daa995b-be0b-4334-b019-dd3ebf9811c0:14,2026-07-18T11:30:29.317Z,30,Red,even,high,3daa995b-be0b-4334-b019-dd3ebf9811c0,
3daa995b-be0b-4334-b019-dd3ebf9811c0:15,2026-07-18T11:31:08.135Z,23,Red,odd,high,3daa995b-be0b-4334-b019-dd3ebf9811c0,
3daa995b-be0b-4334-b019-dd3ebf9811c0:16,2026-07-18T11:31:49.082Z,23,Red,odd,high,3daa995b-be0b-4334-b019-dd3ebf9811c0,
3daa995b-be0b-4334-b019-dd3ebf9811c0:17,2026-07-18T11:32:32.676Z,22,Black,even,high,3daa995b-be0b-4334-b019-dd3ebf9811c0,
3daa995b-be0b-4334-b019-dd3ebf9811c0:18,2026-07-18T11:33:10.041Z,12,Red,even,low,3daa995b-be0b-4334-b019-dd3ebf9811c0,
3daa995b-be0b-4334-b019-dd3ebf9811c0:19,2026-07-18T11:33:49.854Z,28,Black,even,high,3daa995b-be0b-4334-b019-dd3ebf9811c0,
3daa995b-be0b-4334-b019-dd3ebf9811c0:20,2026-07-18T11:34:29.646Z,17,Black,odd,low,3daa995b-be0b-4334-b019-dd3ebf9811c0,
3daa995b-be0b-4334-b019-dd3ebf9811c0:21,2026-07-18T11:35:04.748Z,1,Red,odd,low,3daa995b-be0b-4334-b019-dd3ebf9811c0,
3daa995b-be0b-4334-b019-dd3ebf9811c0:22,2026-07-18T11:35:46.023Z,29,Black,odd,high,3daa995b-be0b-4334-b019-dd3ebf9811c0,
3daa995b-be0b-4334-b019-dd3ebf9811c0:23,2026-07-18T11:36:23.816Z,32,Red,even,high,3daa995b-be0b-4334-b019-dd3ebf9811c0,
3daa995b-be0b-4334-b019-dd3ebf9811c0:24,2026-07-18T11:37:01.349Z,8,Black,even,low,3daa995b-be0b-4334-b019-dd3ebf9811c0,
3daa995b-be0b-4334-b019-dd3ebf9811c0:25,2026-07-18T11:37:40.933Z,29,Black,odd,high,3daa995b-be0b-4334-b019-dd3ebf9811c0,
3daa995b-be0b-4334-b019-dd3ebf9811c0:26,2026-07-18T11:38:21.521Z,0,Green,Zero,Zero,3daa995b-be0b-4334-b019-dd3ebf9811c0,
3daa995b-be0b-4334-b019-dd3ebf9811c0:27,2026-07-18T11:38:58.937Z,10,Black,even,low,3daa995b-be0b-4334-b019-dd3ebf9811c0,
3daa995b-be0b-4334-b019-dd3ebf9811c0:28,2026-07-18T11:39:49.587Z,4,Black,even,low,3daa995b-be0b-4334-b019-dd3ebf9811c0,
3daa995b-be0b-4334-b019-dd3ebf9811c0:29,2026-07-18T11:40:32.528Z,1,Red,odd,low,3daa995b-be0b-4334-b019-dd3ebf9811c0,
3daa995b-be0b-4334-b019-dd3ebf9811c0:30,2026-07-18T11:41:13.062Z,13,Black,odd,low,3daa995b-be0b-4334-b019-dd3ebf9811c0,
3daa995b-be0b-4334-b019-dd3ebf9811c0:31,2026-07-18T11:41:54.851Z,31,Black,odd,high,3daa995b-be0b-4334-b019-dd3ebf9811c0,
3daa995b-be0b-4334-b019-dd3ebf9811c0:32,2026-07-18T11:42:33.621Z,28,Black,even,high,3daa995b-be0b-4334-b019-dd3ebf9811c0,
3daa995b-be0b-4334-b019-dd3ebf9811c0:33,2026-07-18T11:43:16.351Z,35,Black,odd,high,3daa995b-be0b-4334-b019-dd3ebf9811c0,
3daa995b-be0b-4334-b019-dd3ebf9811c0:34,2026-07-18T11:43:58.227Z,8,Black,even,low,3daa995b-be0b-4334-b019-dd3ebf9811c0,
3daa995b-be0b-4334-b019-dd3ebf9811c0:35,2026-07-18T11:44:40.155Z,13,Black,odd,low,3daa995b-be0b-4334-b019-dd3ebf9811c0,
3daa995b-be0b-4334-b019-dd3ebf9811c0:36,2026-07-18T11:45:21.551Z,12,Red,even,low,3daa995b-be0b-4334-b019-dd3ebf9811c0,
3daa995b-be0b-4334-b019-dd3ebf9811c0:37,2026-07-18T11:46:01.922Z,0,Green,Zero,Zero,3daa995b-be0b-4334-b019-dd3ebf9811c0,
3daa995b-be0b-4334-b019-dd3ebf9811c0:38,2026-07-18T11:46:42.046Z,25,Red,odd,high,3daa995b-be0b-4334-b019-dd3ebf9811c0,
3daa995b-be0b-4334-b019-dd3ebf9811c0:39,2026-07-18T11:47:24.104Z,2,Black,even,low,3daa995b-be0b-4334-b019-dd3ebf9811c0,
3daa995b-be0b-4334-b019-dd3ebf9811c0:40,2026-07-18T11:48:05.083Z,35,Black,odd,high,3daa995b-be0b-4334-b019-dd3ebf9811c0,
3daa995b-be0b-4334-b019-dd3ebf9811c0:41,2026-07-18T11:48:44.885Z,33,Black,odd,high,3daa995b-be0b-4334-b019-dd3ebf9811c0,
3daa995b-be0b-4334-b019-dd3ebf9811c0:42,2026-07-18T11:49:27.700Z,7,Red,odd,low,3daa995b-be0b-4334-b019-dd3ebf9811c0,
3daa995b-be0b-4334-b019-dd3ebf9811c0:43,2026-07-18T11:50:11.521Z,36,Red,even,high,3daa995b-be0b-4334-b019-dd3ebf9811c0,
3daa995b-be0b-4334-b019-dd3ebf9811c0:44,2026-07-18T11:50:51.710Z,1,Red,odd,low,3daa995b-be0b-4334-b019-dd3ebf9811c0,
3daa995b-be0b-4334-b019-dd3ebf9811c0:45,2026-07-18T11:51:45.018Z,15,Black,odd,low,3daa995b-be0b-4334-b019-dd3ebf9811c0,
3daa995b-be0b-4334-b019-dd3ebf9811c0:46,2026-07-18T11:52:15.344Z,16,Red,even,low,3daa995b-be0b-4334-b019-dd3ebf9811c0,
3daa995b-be0b-4334-b019-dd3ebf9811c0:47,2026-07-18T11:52:57.299Z,13,Black,odd,low,3daa995b-be0b-4334-b019-dd3ebf9811c0,
3daa995b-be0b-4334-b019-dd3ebf9811c0:48,2026-07-18T11:53:37.813Z,24,Black,even,high,3daa995b-be0b-4334-b019-dd3ebf9811c0,
3daa995b-be0b-4334-b019-dd3ebf9811c0:49,2026-07-18T11:54:21.895Z,11,Black,odd,low,3daa995b-be0b-4334-b019-dd3ebf9811c0,
3daa995b-be0b-4334-b019-dd3ebf9811c0:50,2026-07-18T11:54:59.036Z,27,Red,odd,high,3daa995b-be0b-4334-b019-dd3ebf9811c0,
3daa995b-be0b-4334-b019-dd3ebf9811c0:51,2026-07-18T11:55:38.431Z,29,Black,odd,high,3daa995b-be0b-4334-b019-dd3ebf9811c0,
3daa995b-be0b-4334-b019-dd3ebf9811c0:52,2026-07-18T11:56:19.157Z,10,Black,even,low,3daa995b-be0b-4334-b019-dd3ebf9811c0,
3daa995b-be0b-4334-b019-dd3ebf9811c0:53,2026-07-18T11:56:58.214Z,29,Black,odd,high,3daa995b-be0b-4334-b019-dd3ebf9811c0,
3daa995b-be0b-4334-b019-dd3ebf9811c0:54,2026-07-18T11:57:38.839Z,15,Black,odd,low,3daa995b-be0b-4334-b019-dd3ebf9811c0,
3daa995b-be0b-4334-b019-dd3ebf9811c0:55,2026-07-18T11:58:19.288Z,33,Black,odd,high,3daa995b-be0b-4334-b019-dd3ebf9811c0,
3daa995b-be0b-4334-b019-dd3ebf9811c0:56,2026-07-18T11:58:58.650Z,33,Black,odd,high,3daa995b-be0b-4334-b019-dd3ebf9811c0,
3daa995b-be0b-4334-b019-dd3ebf9811c0:57,2026-07-18T11:59:41.658Z,18,Red,even,low,3daa995b-be0b-4334-b019-dd3ebf9811c0,
3daa995b-be0b-4334-b019-dd3ebf9811c0:58,2026-07-18T12:00:17.489Z,17,Black,odd,low,3daa995b-be0b-4334-b019-dd3ebf9811c0,
3daa995b-be0b-4334-b019-dd3ebf9811c0:59,2026-07-18T12:00:57.497Z,18,Red,even,low,3daa995b-be0b-4334-b019-dd3ebf9811c0,
3daa995b-be0b-4334-b019-dd3ebf9811c0:60,2026-07-18T12:01:33.990Z,36,Red,even,high,3daa995b-be0b-4334-b019-dd3ebf9811c0,
3daa995b-be0b-4334-b019-dd3ebf9811c0:61,2026-07-18T12:02:16.156Z,35,Black,odd,high,3daa995b-be0b-4334-b019-dd3ebf9811c0,
3daa995b-be0b-4334-b019-dd3ebf9811c0:62,2026-07-18T12:02:57.081Z,2,Black,even,low,3daa995b-be0b-4334-b019-dd3ebf9811c0,
3daa995b-be0b-4334-b019-dd3ebf9811c0:63,2026-07-18T12:03:42.874Z,30,Red,even,high,3daa995b-be0b-4334-b019-dd3ebf9811c0,
3daa995b-be0b-4334-b019-dd3ebf9811c0:64,2026-07-18T12:04:21.542Z,25,Red,odd,high,3daa995b-be0b-4334-b019-dd3ebf9811c0,
3daa995b-be0b-4334-b019-dd3ebf9811c0:65,2026-07-18T12:05:01.378Z,17,Black,odd,low,3daa995b-be0b-4334-b019-dd3ebf9811c0,
3daa995b-be0b-4334-b019-dd3ebf9811c0:66,2026-07-18T12:05:42.246Z,26,Black,even,high,3daa995b-be0b-4334-b019-dd3ebf9811c0,
3daa995b-be0b-4334-b019-dd3ebf9811c0:67,2026-07-18T12:06:23.025Z,19,Red,odd,high,3daa995b-be0b-4334-b019-dd3ebf9811c0,
3daa995b-be0b-4334-b019-dd3ebf9811c0:68,2026-07-18T12:07:02.827Z,33,Black,odd,high,3daa995b-be0b-4334-b019-dd3ebf9811c0,
3daa995b-be0b-4334-b019-dd3ebf9811c0:69,2026-07-18T12:07:46.363Z,28,Black,even,high,3daa995b-be0b-4334-b019-dd3ebf9811c0,
3daa995b-be0b-4334-b019-dd3ebf9811c0:70,2026-07-18T12:08:25.435Z,3,Red,odd,low,3daa995b-be0b-4334-b019-dd3ebf9811c0,
3daa995b-be0b-4334-b019-dd3ebf9811c0:71,2026-07-18T12:09:08.669Z,6,Black,even,low,3daa995b-be0b-4334-b019-dd3ebf9811c0,
3daa995b-be0b-4334-b019-dd3ebf9811c0:72,2026-07-18T12:09:48.817Z,36,Red,even,high,3daa995b-be0b-4334-b019-dd3ebf9811c0,
3daa995b-be0b-4334-b019-dd3ebf9811c0:73,2026-07-18T12:10:32.984Z,22,Black,even,high,3daa995b-be0b-4334-b019-dd3ebf9811c0,
3daa995b-be0b-4334-b019-dd3ebf9811c0:74,2026-07-18T12:11:13.385Z,6,Black,even,low,3daa995b-be0b-4334-b019-dd3ebf9811c0,
3daa995b-be0b-4334-b019-dd3ebf9811c0:75,2026-07-18T12:11:54.305Z,30,Red,even,high,3daa995b-be0b-4334-b019-dd3ebf9811c0,
3daa995b-be0b-4334-b019-dd3ebf9811c0:76,2026-07-18T12:12:32.512Z,35,Black,odd,high,3daa995b-be0b-4334-b019-dd3ebf9811c0,
3daa995b-be0b-4334-b019-dd3ebf9811c0:77,2026-07-18T12:13:09.827Z,7,Red,odd,low,3daa995b-be0b-4334-b019-dd3ebf9811c0,
3daa995b-be0b-4334-b019-dd3ebf9811c0:78,2026-07-18T12:13:49.044Z,3,Red,odd,low,3daa995b-be0b-4334-b019-dd3ebf9811c0,
3daa995b-be0b-4334-b019-dd3ebf9811c0:79,2026-07-18T12:14:29.201Z,11,Black,odd,low,3daa995b-be0b-4334-b019-dd3ebf9811c0,
3daa995b-be0b-4334-b019-dd3ebf9811c0:80,2026-07-18T12:15:09.559Z,15,Black,odd,low,3daa995b-be0b-4334-b019-dd3ebf9811c0,
3daa995b-be0b-4334-b019-dd3ebf9811c0:81,2026-07-18T12:15:50.637Z,15,Black,odd,low,3daa995b-be0b-4334-b019-dd3ebf9811c0,
3daa995b-be0b-4334-b019-dd3ebf9811c0:82,2026-07-18T12:16:32.200Z,27,Red,odd,high,3daa995b-be0b-4334-b019-dd3ebf9811c0,
3daa995b-be0b-4334-b019-dd3ebf9811c0:83,2026-07-18T12:17:10.010Z,15,Black,odd,low,3daa995b-be0b-4334-b019-dd3ebf9811c0,
3daa995b-be0b-4334-b019-dd3ebf9811c0:84,2026-07-18T12:17:49.844Z,34,Red,even,high,3daa995b-be0b-4334-b019-dd3ebf9811c0,
3daa995b-be0b-4334-b019-dd3ebf9811c0:85,2026-07-18T12:18:28.164Z,6,Black,even,low,3daa995b-be0b-4334-b019-dd3ebf9811c0,
3daa995b-be0b-4334-b019-dd3ebf9811c0:86,2026-07-18T12:19:06.442Z,29,Black,odd,high,3daa995b-be0b-4334-b019-dd3ebf9811c0,
3daa995b-be0b-4334-b019-dd3ebf9811c0:87,2026-07-18T12:19:46.190Z,11,Black,odd,low,3daa995b-be0b-4334-b019-dd3ebf9811c0,
3daa995b-be0b-4334-b019-dd3ebf9811c0:88,2026-07-18T12:20:25.711Z,28,Black,even,high,3daa995b-be0b-4334-b019-dd3ebf9811c0,
3daa995b-be0b-4334-b019-dd3ebf9811c0:89,2026-07-18T12:21:45.398Z,20,Black,even,high,3daa995b-be0b-4334-b019-dd3ebf9811c0,
3daa995b-be0b-4334-b019-dd3ebf9811c0:90,2026-07-18T12:22:24.136Z,28,Black,even,high,3daa995b-be0b-4334-b019-dd3ebf9811c0,
3daa995b-be0b-4334-b019-dd3ebf9811c0:91,2026-07-18T12:23:11.307Z,23,Red,odd,high,3daa995b-be0b-4334-b019-dd3ebf9811c0,
3daa995b-be0b-4334-b019-dd3ebf9811c0:92,2026-07-18T12:24:32.479Z,14,Red,even,low,3daa995b-be0b-4334-b019-dd3ebf9811c0,
3daa995b-be0b-4334-b019-dd3ebf9811c0:93,2026-07-18T12:25:02.839Z,14,Red,even,low,3daa995b-be0b-4334-b019-dd3ebf9811c0,
3daa995b-be0b-4334-b019-dd3ebf9811c0:94,2026-07-18T12:25:40.953Z,11,Black,odd,low,3daa995b-be0b-4334-b019-dd3ebf9811c0,
3daa995b-be0b-4334-b019-dd3ebf9811c0:95,2026-07-18T12:26:20.167Z,4,Black,even,low,3daa995b-be0b-4334-b019-dd3ebf9811c0,
3daa995b-be0b-4334-b019-dd3ebf9811c0:96,2026-07-18T12:27:02.572Z,0,Green,Zero,Zero,3daa995b-be0b-4334-b019-dd3ebf9811c0,
3daa995b-be0b-4334-b019-dd3ebf9811c0:97,2026-07-18T12:27:38.525Z,13,Black,odd,low,3daa995b-be0b-4334-b019-dd3ebf9811c0,
3daa995b-be0b-4334-b019-dd3ebf9811c0:98,2026-07-18T12:28:17.264Z,22,Black,even,high,3daa995b-be0b-4334-b019-dd3ebf9811c0,
3daa995b-be0b-4334-b019-dd3ebf9811c0:99,2026-07-18T12:28:55.253Z,32,Red,even,high,3daa995b-be0b-4334-b019-dd3ebf9811c0,
3daa995b-be0b-4334-b019-dd3ebf9811c0:100,2026-07-18T12:29:32.293Z,4,Black,even,low,3daa995b-be0b-4334-b019-dd3ebf9811c0,
3daa995b-be0b-4334-b019-dd3ebf9811c0:101,2026-07-18T12:30:11.408Z,25,Red,odd,high,3daa995b-be0b-4334-b019-dd3ebf9811c0,
3daa995b-be0b-4334-b019-dd3ebf9811c0:102,2026-07-18T12:30:49.919Z,30,Red,even,high,3daa995b-be0b-4334-b019-dd3ebf9811c0,
3daa995b-be0b-4334-b019-dd3ebf9811c0:103,2026-07-18T12:31:27.255Z,12,Red,even,low,3daa995b-be0b-4334-b019-dd3ebf9811c0,
3daa995b-be0b-4334-b019-dd3ebf9811c0:104,2026-07-18T12:32:06.933Z,3,Red,odd,low,3daa995b-be0b-4334-b019-dd3ebf9811c0,
3daa995b-be0b-4334-b019-dd3ebf9811c0:105,2026-07-18T12:32:46.918Z,7,Red,odd,low,3daa995b-be0b-4334-b019-dd3ebf9811c0,
3daa995b-be0b-4334-b019-dd3ebf9811c0:106,2026-07-18T12:33:25.677Z,35,Black,odd,high,3daa995b-be0b-4334-b019-dd3ebf9811c0,
3daa995b-be0b-4334-b019-dd3ebf9811c0:107,2026-07-18T12:34:01.829Z,11,Black,odd,low,3daa995b-be0b-4334-b019-dd3ebf9811c0,
3daa995b-be0b-4334-b019-dd3ebf9811c0:108,2026-07-18T12:34:42.521Z,26,Black,even,high,3daa995b-be0b-4334-b019-dd3ebf9811c0,
3daa995b-be0b-4334-b019-dd3ebf9811c0:109,2026-07-18T12:35:21.006Z,20,Black,even,high,3daa995b-be0b-4334-b019-dd3ebf9811c0,
3daa995b-be0b-4334-b019-dd3ebf9811c0:110,2026-07-18T12:36:01.198Z,15,Black,odd,low,3daa995b-be0b-4334-b019-dd3ebf9811c0,
3daa995b-be0b-4334-b019-dd3ebf9811c0:111,2026-07-18T12:36:39.079Z,20,Black,even,high,3daa995b-be0b-4334-b019-dd3ebf9811c0,
3daa995b-be0b-4334-b019-dd3ebf9811c0:112,2026-07-18T12:37:18.779Z,34,Red,even,high,3daa995b-be0b-4334-b019-dd3ebf9811c0,
3daa995b-be0b-4334-b019-dd3ebf9811c0:113,2026-07-18T12:37:55.908Z,36,Red,even,high,3daa995b-be0b-4334-b019-dd3ebf9811c0,
3daa995b-be0b-4334-b019-dd3ebf9811c0:114,2026-07-18T12:38:35.527Z,18,Red,even,low,3daa995b-be0b-4334-b019-dd3ebf9811c0,
3daa995b-be0b-4334-b019-dd3ebf9811c0:115,2026-07-18T12:39:27.391Z,7,Red,odd,low,3daa995b-be0b-4334-b019-dd3ebf9811c0,
3daa995b-be0b-4334-b019-dd3ebf9811c0:116,2026-07-18T12:40:06.685Z,23,Red,odd,high,3daa995b-be0b-4334-b019-dd3ebf9811c0,
3daa995b-be0b-4334-b019-dd3ebf9811c0:117,2026-07-18T12:40:51.815Z,31,Black,odd,high,3daa995b-be0b-4334-b019-dd3ebf9811c0,
3daa995b-be0b-4334-b019-dd3ebf9811c0:118,2026-07-18T12:41:27.124Z,19,Red,odd,high,3daa995b-be0b-4334-b019-dd3ebf9811c0,
3daa995b-be0b-4334-b019-dd3ebf9811c0:119,2026-07-18T12:42:06.356Z,14,Red,even,low,3daa995b-be0b-4334-b019-dd3ebf9811c0,
3daa995b-be0b-4334-b019-dd3ebf9811c0:120,2026-07-18T12:42:46.657Z,7,Red,odd,low,3daa995b-be0b-4334-b019-dd3ebf9811c0,
3daa995b-be0b-4334-b019-dd3ebf9811c0:121,2026-07-18T12:43:29.562Z,29,Black,odd,high,3daa995b-be0b-4334-b019-dd3ebf9811c0,
3daa995b-be0b-4334-b019-dd3ebf9811c0:122,2026-07-18T12:44:08.145Z,16,Red,even,low,3daa995b-be0b-4334-b019-dd3ebf9811c0,
3daa995b-be0b-4334-b019-dd3ebf9811c0:123,2026-07-18T12:44:49.980Z,32,Red,even,high,3daa995b-be0b-4334-b019-dd3ebf9811c0,
3daa995b-be0b-4334-b019-dd3ebf9811c0:124,2026-07-18T12:45:30.346Z,31,Black,odd,high,3daa995b-be0b-4334-b019-dd3ebf9811c0,
3daa995b-be0b-4334-b019-dd3ebf9811c0:125,2026-07-18T12:46:11.558Z,31,Black,odd,high,3daa995b-be0b-4334-b019-dd3ebf9811c0,
3daa995b-be0b-4334-b019-dd3ebf9811c0:126,2026-07-18T12:46:51.727Z,28,Black,even,high,3daa995b-be0b-4334-b019-dd3ebf9811c0,
3daa995b-be0b-4334-b019-dd3ebf9811c0:127,2026-07-18T12:47:31.476Z,14,Red,even,low,3daa995b-be0b-4334-b019-dd3ebf9811c0,
3daa995b-be0b-4334-b019-dd3ebf9811c0:128,2026-07-18T12:48:15.872Z,17,Black,odd,low,3daa995b-be0b-4334-b019-dd3ebf9811c0,
3daa995b-be0b-4334-b019-dd3ebf9811c0:129,2026-07-18T12:48:52.528Z,8,Black,even,low,3daa995b-be0b-4334-b019-dd3ebf9811c0,
3daa995b-be0b-4334-b019-dd3ebf9811c0:130,2026-07-18T12:49:33.559Z,12,Red,even,low,3daa995b-be0b-4334-b019-dd3ebf9811c0,
3daa995b-be0b-4334-b019-dd3ebf9811c0:131,2026-07-18T12:50:13.549Z,21,Red,odd,high,3daa995b-be0b-4334-b019-dd3ebf9811c0,
3daa995b-be0b-4334-b019-dd3ebf9811c0:132,2026-07-18T12:50:56.340Z,25,Red,odd,high,3daa995b-be0b-4334-b019-dd3ebf9811c0,
3daa995b-be0b-4334-b019-dd3ebf9811c0:133,2026-07-18T12:51:34.965Z,17,Black,odd,low,3daa995b-be0b-4334-b019-dd3ebf9811c0,
3daa995b-be0b-4334-b019-dd3ebf9811c0:134,2026-07-18T12:52:13.595Z,22,Black,even,high,3daa995b-be0b-4334-b019-dd3ebf9811c0,
3daa995b-be0b-4334-b019-dd3ebf9811c0:135,2026-07-18T12:52:53.428Z,15,Black,odd,low,3daa995b-be0b-4334-b019-dd3ebf9811c0,
3daa995b-be0b-4334-b019-dd3ebf9811c0:136,2026-07-18T12:53:37.805Z,33,Black,odd,high,3daa995b-be0b-4334-b019-dd3ebf9811c0,
3daa995b-be0b-4334-b019-dd3ebf9811c0:137,2026-07-18T12:54:20.613Z,10,Black,even,low,3daa995b-be0b-4334-b019-dd3ebf9811c0,
3daa995b-be0b-4334-b019-dd3ebf9811c0:138,2026-07-18T12:55:00.936Z,28,Black,even,high,3daa995b-be0b-4334-b019-dd3ebf9811c0,
3daa995b-be0b-4334-b019-dd3ebf9811c0:139,2026-07-18T12:55:42.980Z,12,Red,even,low,3daa995b-be0b-4334-b019-dd3ebf9811c0,
3daa995b-be0b-4334-b019-dd3ebf9811c0:140,2026-07-18T12:56:22.341Z,22,Black,even,high,3daa995b-be0b-4334-b019-dd3ebf9811c0,
3daa995b-be0b-4334-b019-dd3ebf9811c0:141,2026-07-18T12:57:04.589Z,17,Black,odd,low,3daa995b-be0b-4334-b019-dd3ebf9811c0,
3daa995b-be0b-4334-b019-dd3ebf9811c0:142,2026-07-18T12:57:42.103Z,4,Black,even,low,3daa995b-be0b-4334-b019-dd3ebf9811c0,
3daa995b-be0b-4334-b019-dd3ebf9811c0:143,2026-07-18T12:58:25.345Z,24,Black,even,high,3daa995b-be0b-4334-b019-dd3ebf9811c0,
3daa995b-be0b-4334-b019-dd3ebf9811c0:144,2026-07-18T12:59:07.209Z,30,Red,even,high,3daa995b-be0b-4334-b019-dd3ebf9811c0,
3daa995b-be0b-4334-b019-dd3ebf9811c0:145,2026-07-18T12:59:45.020Z,11,Black,odd,low,3daa995b-be0b-4334-b019-dd3ebf9811c0,
3daa995b-be0b-4334-b019-dd3ebf9811c0:146,2026-07-18T13:00:24.210Z,21,Red,odd,high,3daa995b-be0b-4334-b019-dd3ebf9811c0,
3daa995b-be0b-4334-b019-dd3ebf9811c0:147,2026-07-18T13:01:03.911Z,13,Black,odd,low,3daa995b-be0b-4334-b019-dd3ebf9811c0,
3daa995b-be0b-4334-b019-dd3ebf9811c0:148,2026-07-18T13:01:44.258Z,15,Black,odd,low,3daa995b-be0b-4334-b019-dd3ebf9811c0,
3daa995b-be0b-4334-b019-dd3ebf9811c0:149,2026-07-18T13:02:26.546Z,10,Black,even,low,3daa995b-be0b-4334-b019-dd3ebf9811c0,
3daa995b-be0b-4334-b019-dd3ebf9811c0:150,2026-07-18T13:03:05.900Z,27,Red,odd,high,3daa995b-be0b-4334-b019-dd3ebf9811c0,
3daa995b-be0b-4334-b019-dd3ebf9811c0:151,2026-07-18T13:03:44.810Z,30,Red,even,high,3daa995b-be0b-4334-b019-dd3ebf9811c0,
3daa995b-be0b-4334-b019-dd3ebf9811c0:152,2026-07-18T13:04:24.561Z,14,Red,even,low,3daa995b-be0b-4334-b019-dd3ebf9811c0,
3daa995b-be0b-4334-b019-dd3ebf9811c0:153,2026-07-18T13:05:04.725Z,6,Black,even,low,3daa995b-be0b-4334-b019-dd3ebf9811c0,
3daa995b-be0b-4334-b019-dd3ebf9811c0:154,2026-07-18T13:05:44.009Z,27,Red,odd,high,3daa995b-be0b-4334-b019-dd3ebf9811c0,
3daa995b-be0b-4334-b019-dd3ebf9811c0:155,2026-07-18T13:06:24.554Z,25,Red,odd,high,3daa995b-be0b-4334-b019-dd3ebf9811c0,
3daa995b-be0b-4334-b019-dd3ebf9811c0:156,2026-07-18T13:07:03.120Z,22,Black,even,high,3daa995b-be0b-4334-b019-dd3ebf9811c0,
3daa995b-be0b-4334-b019-dd3ebf9811c0:157,2026-07-18T13:07:43.232Z,19,Red,odd,high,3daa995b-be0b-4334-b019-dd3ebf9811c0,
3daa995b-be0b-4334-b019-dd3ebf9811c0:158,2026-07-18T13:08:25.717Z,5,Red,odd,low,3daa995b-be0b-4334-b019-dd3ebf9811c0,
3daa995b-be0b-4334-b019-dd3ebf9811c0:159,2026-07-18T13:09:04.282Z,1,Red,odd,low,3daa995b-be0b-4334-b019-dd3ebf9811c0,
3daa995b-be0b-4334-b019-dd3ebf9811c0:160,2026-07-18T13:09:44.166Z,6,Black,even,low,3daa995b-be0b-4334-b019-dd3ebf9811c0,
3daa995b-be0b-4334-b019-dd3ebf9811c0:161,2026-07-18T13:10:27.740Z,14,Red,even,low,3daa995b-be0b-4334-b019-dd3ebf9811c0,
3daa995b-be0b-4334-b019-dd3ebf9811c0:162,2026-07-18T13:11:11.662Z,23,Red,odd,high,3daa995b-be0b-4334-b019-dd3ebf9811c0,
3daa995b-be0b-4334-b019-dd3ebf9811c0:163,2026-07-18T13:11:48.935Z,11,Black,odd,low,3daa995b-be0b-4334-b019-dd3ebf9811c0,
3daa995b-be0b-4334-b019-dd3ebf9811c0:164,2026-07-18T13:12:27.670Z,24,Black,even,high,3daa995b-be0b-4334-b019-dd3ebf9811c0,
3daa995b-be0b-4334-b019-dd3ebf9811c0:165,2026-07-18T13:13:07.562Z,23,Red,odd,high,3daa995b-be0b-4334-b019-dd3ebf9811c0,
3daa995b-be0b-4334-b019-dd3ebf9811c0:166,2026-07-18T13:13:45.734Z,33,Black,odd,high,3daa995b-be0b-4334-b019-dd3ebf9811c0,
3daa995b-be0b-4334-b019-dd3ebf9811c0:167,2026-07-18T13:14:25.899Z,24,Black,even,high,3daa995b-be0b-4334-b019-dd3ebf9811c0,
3daa995b-be0b-4334-b019-dd3ebf9811c0:168,2026-07-18T13:15:09.187Z,10,Black,even,low,3daa995b-be0b-4334-b019-dd3ebf9811c0,
3daa995b-be0b-4334-b019-dd3ebf9811c0:169,2026-07-18T13:15:43.501Z,3,Red,odd,low,3daa995b-be0b-4334-b019-dd3ebf9811c0,
3daa995b-be0b-4334-b019-dd3ebf9811c0:170,2026-07-18T13:16:22.275Z,29,Black,odd,high,3daa995b-be0b-4334-b019-dd3ebf9811c0,
3daa995b-be0b-4334-b019-dd3ebf9811c0:171,2026-07-18T13:16:58.487Z,2,Black,even,low,3daa995b-be0b-4334-b019-dd3ebf9811c0,
3daa995b-be0b-4334-b019-dd3ebf9811c0:172,2026-07-18T13:17:39.025Z,21,Red,odd,high,3daa995b-be0b-4334-b019-dd3ebf9811c0,
3daa995b-be0b-4334-b019-dd3ebf9811c0:173,2026-07-18T13:18:16.659Z,25,Red,odd,high,3daa995b-be0b-4334-b019-dd3ebf9811c0,
3daa995b-be0b-4334-b019-dd3ebf9811c0:174,2026-07-18T13:18:55.603Z,31,Black,odd,high,3daa995b-be0b-4334-b019-dd3ebf9811c0,
3daa995b-be0b-4334-b019-dd3ebf9811c0:175,2026-07-18T13:19:35.637Z,24,Black,even,high,3daa995b-be0b-4334-b019-dd3ebf9811c0,
3daa995b-be0b-4334-b019-dd3ebf9811c0:176,2026-07-18T13:20:14.030Z,8,Black,even,low,3daa995b-be0b-4334-b019-dd3ebf9811c0,
3daa995b-be0b-4334-b019-dd3ebf9811c0:177,2026-07-18T13:20:53.708Z,33,Black,odd,high,3daa995b-be0b-4334-b019-dd3ebf9811c0,
3daa995b-be0b-4334-b019-dd3ebf9811c0:178,2026-07-18T13:21:33.405Z,32,Red,even,high,3daa995b-be0b-4334-b019-dd3ebf9811c0,
3daa995b-be0b-4334-b019-dd3ebf9811c0:179,2026-07-18T13:22:09.349Z,32,Red,even,high,3daa995b-be0b-4334-b019-dd3ebf9811c0,
3daa995b-be0b-4334-b019-dd3ebf9811c0:180,2026-07-18T13:22:46.981Z,5,Red,odd,low,3daa995b-be0b-4334-b019-dd3ebf9811c0,
3daa995b-be0b-4334-b019-dd3ebf9811c0:181,2026-07-18T13:23:27.807Z,1,Red,odd,low,3daa995b-be0b-4334-b019-dd3ebf9811c0,
3daa995b-be0b-4334-b019-dd3ebf9811c0:182,2026-07-18T13:24:06.856Z,4,Black,even,low,3daa995b-be0b-4334-b019-dd3ebf9811c0,
3daa995b-be0b-4334-b019-dd3ebf9811c0:183,2026-07-18T13:24:43.514Z,17,Black,odd,low,3daa995b-be0b-4334-b019-dd3ebf9811c0,
3daa995b-be0b-4334-b019-dd3ebf9811c0:184,2026-07-18T13:25:23.301Z,12,Red,even,low,3daa995b-be0b-4334-b019-dd3ebf9811c0,
3daa995b-be0b-4334-b019-dd3ebf9811c0:185,2026-07-18T13:26:02.288Z,14,Red,even,low,3daa995b-be0b-4334-b019-dd3ebf9811c0,
3daa995b-be0b-4334-b019-dd3ebf9811c0:186,2026-07-18T13:26:50.901Z,15,Black,odd,low,3daa995b-be0b-4334-b019-dd3ebf9811c0,
3daa995b-be0b-4334-b019-dd3ebf9811c0:187,2026-07-18T13:27:19.487Z,1,Red,odd,low,3daa995b-be0b-4334-b019-dd3ebf9811c0,
3daa995b-be0b-4334-b019-dd3ebf9811c0:188,2026-07-18T13:28:05.681Z,13,Black,odd,low,3daa995b-be0b-4334-b019-dd3ebf9811c0,
3daa995b-be0b-4334-b019-dd3ebf9811c0:189,2026-07-18T13:28:35.947Z,2,Black,even,low,3daa995b-be0b-4334-b019-dd3ebf9811c0,
3daa995b-be0b-4334-b019-dd3ebf9811c0:190,2026-07-18T13:29:18.627Z,34,Red,even,high,3daa995b-be0b-4334-b019-dd3ebf9811c0,
3daa995b-be0b-4334-b019-dd3ebf9811c0:191,2026-07-18T13:29:53.032Z,32,Red,even,high,3daa995b-be0b-4334-b019-dd3ebf9811c0,
3daa995b-be0b-4334-b019-dd3ebf9811c0:192,2026-07-18T13:30:33.439Z,12,Red,even,low,3daa995b-be0b-4334-b019-dd3ebf9811c0,
3daa995b-be0b-4334-b019-dd3ebf9811c0:193,2026-07-18T13:31:20.539Z,28,Black,even,high,3daa995b-be0b-4334-b019-dd3ebf9811c0,
3daa995b-be0b-4334-b019-dd3ebf9811c0:194,2026-07-18T13:31:52.542Z,10,Black,even,low,3daa995b-be0b-4334-b019-dd3ebf9811c0,
fdc6d7aa-d0b3-47a8-91d3-bb74b20a9779:1,2026-07-18T14:31:32.321Z,8,Black,even,low,fdc6d7aa-d0b3-47a8-91d3-bb74b20a9779,
fdc6d7aa-d0b3-47a8-91d3-bb74b20a9779:2,2026-07-18T14:31:39.510Z,21,Red,odd,high,fdc6d7aa-d0b3-47a8-91d3-bb74b20a9779,
fdc6d7aa-d0b3-47a8-91d3-bb74b20a9779:3,2026-07-18T14:32:12.783Z,3,Red,odd,low,fdc6d7aa-d0b3-47a8-91d3-bb74b20a9779,
fdc6d7aa-d0b3-47a8-91d3-bb74b20a9779:4,2026-07-18T14:32:50.173Z,5,Red,odd,low,fdc6d7aa-d0b3-47a8-91d3-bb74b20a9779,
fdc6d7aa-d0b3-47a8-91d3-bb74b20a9779:5,2026-07-18T14:33:28.663Z,25,Red,odd,high,fdc6d7aa-d0b3-47a8-91d3-bb74b20a9779,
fdc6d7aa-d0b3-47a8-91d3-bb74b20a9779:6,2026-07-18T14:34:06.091Z,6,Black,even,low,fdc6d7aa-d0b3-47a8-91d3-bb74b20a9779,
fdc6d7aa-d0b3-47a8-91d3-bb74b20a9779:7,2026-07-18T14:34:45.258Z,10,Black,even,low,fdc6d7aa-d0b3-47a8-91d3-bb74b20a9779,
fdc6d7aa-d0b3-47a8-91d3-bb74b20a9779:8,2026-07-18T14:35:23.326Z,4,Black,even,low,fdc6d7aa-d0b3-47a8-91d3-bb74b20a9779,
fdc6d7aa-d0b3-47a8-91d3-bb74b20a9779:9,2026-07-18T14:36:00.917Z,32,Red,even,high,fdc6d7aa-d0b3-47a8-91d3-bb74b20a9779,
fdc6d7aa-d0b3-47a8-91d3-bb74b20a9779:10,2026-07-18T14:36:39.943Z,24,Black,even,high,fdc6d7aa-d0b3-47a8-91d3-bb74b20a9779,
fdc6d7aa-d0b3-47a8-91d3-bb74b20a9779:11,2026-07-18T14:37:18.027Z,5,Red,odd,low,fdc6d7aa-d0b3-47a8-91d3-bb74b20a9779,
fdc6d7aa-d0b3-47a8-91d3-bb74b20a9779:12,2026-07-18T14:37:55.521Z,36,Red,even,high,fdc6d7aa-d0b3-47a8-91d3-bb74b20a9779,
fdc6d7aa-d0b3-47a8-91d3-bb74b20a9779:13,2026-07-18T14:38:33.215Z,10,Black,even,low,fdc6d7aa-d0b3-47a8-91d3-bb74b20a9779,
fdc6d7aa-d0b3-47a8-91d3-bb74b20a9779:14,2026-07-18T14:39:12.257Z,30,Red,even,high,fdc6d7aa-d0b3-47a8-91d3-bb74b20a9779,
fdc6d7aa-d0b3-47a8-91d3-bb74b20a9779:15,2026-07-18T14:39:50.047Z,3,Red,odd,low,fdc6d7aa-d0b3-47a8-91d3-bb74b20a9779,
fdc6d7aa-d0b3-47a8-91d3-bb74b20a9779:16,2026-07-18T14:40:36.849Z,32,Red,even,high,fdc6d7aa-d0b3-47a8-91d3-bb74b20a9779,
fdc6d7aa-d0b3-47a8-91d3-bb74b20a9779:17,2026-07-18T14:41:16.918Z,5,Red,odd,low,fdc6d7aa-d0b3-47a8-91d3-bb74b20a9779,
fdc6d7aa-d0b3-47a8-91d3-bb74b20a9779:18,2026-07-18T14:41:58.386Z,1,Red,odd,low,fdc6d7aa-d0b3-47a8-91d3-bb74b20a9779,
fdc6d7aa-d0b3-47a8-91d3-bb74b20a9779:19,2026-07-18T14:42:41.315Z,15,Black,odd,low,fdc6d7aa-d0b3-47a8-91d3-bb74b20a9779,
fdc6d7aa-d0b3-47a8-91d3-bb74b20a9779:20,2026-07-18T14:43:21.008Z,35,Black,odd,high,fdc6d7aa-d0b3-47a8-91d3-bb74b20a9779,
fdc6d7aa-d0b3-47a8-91d3-bb74b20a9779:21,2026-07-18T14:44:05.506Z,26,Black,even,high,fdc6d7aa-d0b3-47a8-91d3-bb74b20a9779,
fdc6d7aa-d0b3-47a8-91d3-bb74b20a9779:22,2026-07-18T14:44:44.654Z,30,Red,even,high,fdc6d7aa-d0b3-47a8-91d3-bb74b20a9779,
fdc6d7aa-d0b3-47a8-91d3-bb74b20a9779:23,2026-07-18T14:45:21.719Z,25,Red,odd,high,fdc6d7aa-d0b3-47a8-91d3-bb74b20a9779,
fdc6d7aa-d0b3-47a8-91d3-bb74b20a9779:24,2026-07-18T14:46:02.028Z,0,Green,Zero,Zero,fdc6d7aa-d0b3-47a8-91d3-bb74b20a9779,
fdc6d7aa-d0b3-47a8-91d3-bb74b20a9779:25,2026-07-18T14:46:43.794Z,27,Red,odd,high,fdc6d7aa-d0b3-47a8-91d3-bb74b20a9779,
fdc6d7aa-d0b3-47a8-91d3-bb74b20a9779:26,2026-07-18T14:47:23.460Z,11,Black,odd,low,fdc6d7aa-d0b3-47a8-91d3-bb74b20a9779,
fdc6d7aa-d0b3-47a8-91d3-bb74b20a9779:27,2026-07-18T14:48:03.573Z,21,Red,odd,high,fdc6d7aa-d0b3-47a8-91d3-bb74b20a9779,
fdc6d7aa-d0b3-47a8-91d3-bb74b20a9779:28,2026-07-18T14:48:42.170Z,12,Red,even,low,fdc6d7aa-d0b3-47a8-91d3-bb74b20a9779,
fdc6d7aa-d0b3-47a8-91d3-bb74b20a9779:29,2026-07-18T14:49:21.409Z,13,Black,odd,low,fdc6d7aa-d0b3-47a8-91d3-bb74b20a9779,
fdc6d7aa-d0b3-47a8-91d3-bb74b20a9779:30,2026-07-18T14:50:01.614Z,11,Black,odd,low,fdc6d7aa-d0b3-47a8-91d3-bb74b20a9779,
fdc6d7aa-d0b3-47a8-91d3-bb74b20a9779:31,2026-07-18T14:50:43.725Z,11,Black,odd,low,fdc6d7aa-d0b3-47a8-91d3-bb74b20a9779,
fdc6d7aa-d0b3-47a8-91d3-bb74b20a9779:32,2026-07-18T14:51:23.329Z,1,Red,odd,low,fdc6d7aa-d0b3-47a8-91d3-bb74b20a9779,
fdc6d7aa-d0b3-47a8-91d3-bb74b20a9779:33,2026-07-18T14:52:04.880Z,1,Red,odd,low,fdc6d7aa-d0b3-47a8-91d3-bb74b20a9779,
fdc6d7aa-d0b3-47a8-91d3-bb74b20a9779:34,2026-07-18T14:52:47.572Z,27,Red,odd,high,fdc6d7aa-d0b3-47a8-91d3-bb74b20a9779,
fdc6d7aa-d0b3-47a8-91d3-bb74b20a9779:35,2026-07-18T14:53:26.607Z,36,Red,even,high,fdc6d7aa-d0b3-47a8-91d3-bb74b20a9779,
fdc6d7aa-d0b3-47a8-91d3-bb74b20a9779:36,2026-07-18T14:54:07.265Z,9,Red,odd,low,fdc6d7aa-d0b3-47a8-91d3-bb74b20a9779,
fdc6d7aa-d0b3-47a8-91d3-bb74b20a9779:37,2026-07-18T14:54:47.115Z,7,Red,odd,low,fdc6d7aa-d0b3-47a8-91d3-bb74b20a9779,
fdc6d7aa-d0b3-47a8-91d3-bb74b20a9779:38,2026-07-18T14:55:27.386Z,29,Black,odd,high,fdc6d7aa-d0b3-47a8-91d3-bb74b20a9779,
fdc6d7aa-d0b3-47a8-91d3-bb74b20a9779:39,2026-07-18T14:56:04.939Z,12,Red,even,low,fdc6d7aa-d0b3-47a8-91d3-bb74b20a9779,
fdc6d7aa-d0b3-47a8-91d3-bb74b20a9779:40,2026-07-18T14:56:46.130Z,11,Black,odd,low,fdc6d7aa-d0b3-47a8-91d3-bb74b20a9779,
fdc6d7aa-d0b3-47a8-91d3-bb74b20a9779:41,2026-07-18T14:57:25.951Z,8,Black,even,low,fdc6d7aa-d0b3-47a8-91d3-bb74b20a9779,
fdc6d7aa-d0b3-47a8-91d3-bb74b20a9779:42,2026-07-18T14:58:06.919Z,17,Black,odd,low,fdc6d7aa-d0b3-47a8-91d3-bb74b20a9779,
fdc6d7aa-d0b3-47a8-91d3-bb74b20a9779:43,2026-07-18T14:58:47.836Z,17,Black,odd,low,fdc6d7aa-d0b3-47a8-91d3-bb74b20a9779,
fdc6d7aa-d0b3-47a8-91d3-bb74b20a9779:44,2026-07-18T14:59:29.590Z,34,Red,even,high,fdc6d7aa-d0b3-47a8-91d3-bb74b20a9779,
fdc6d7aa-d0b3-47a8-91d3-bb74b20a9779:45,2026-07-18T15:00:06.195Z,25,Red,odd,high,fdc6d7aa-d0b3-47a8-91d3-bb74b20a9779,
fdc6d7aa-d0b3-47a8-91d3-bb74b20a9779:46,2026-07-18T15:00:44.322Z,26,Black,even,high,fdc6d7aa-d0b3-47a8-91d3-bb74b20a9779,
fdc6d7aa-d0b3-47a8-91d3-bb74b20a9779:47,2026-07-18T15:01:25.842Z,8,Black,even,low,fdc6d7aa-d0b3-47a8-91d3-bb74b20a9779,
fdc6d7aa-d0b3-47a8-91d3-bb74b20a9779:48,2026-07-18T15:02:07.081Z,22,Black,even,high,fdc6d7aa-d0b3-47a8-91d3-bb74b20a9779,
fdc6d7aa-d0b3-47a8-91d3-bb74b20a9779:49,2026-07-18T15:02:44.997Z,13,Black,odd,low,fdc6d7aa-d0b3-47a8-91d3-bb74b20a9779,
fdc6d7aa-d0b3-47a8-91d3-bb74b20a9779:50,2026-07-18T15:03:27.060Z,25,Red,odd,high,fdc6d7aa-d0b3-47a8-91d3-bb74b20a9779,
fdc6d7aa-d0b3-47a8-91d3-bb74b20a9779:51,2026-07-18T15:04:07.997Z,16,Red,even,low,fdc6d7aa-d0b3-47a8-91d3-bb74b20a9779,
fdc6d7aa-d0b3-47a8-91d3-bb74b20a9779:52,2026-07-18T15:04:46.790Z,27,Red,odd,high,fdc6d7aa-d0b3-47a8-91d3-bb74b20a9779,
fdc6d7aa-d0b3-47a8-91d3-bb74b20a9779:53,2026-07-18T15:05:23.279Z,13,Black,odd,low,fdc6d7aa-d0b3-47a8-91d3-bb74b20a9779,
fdc6d7aa-d0b3-47a8-91d3-bb74b20a9779:54,2026-07-18T15:06:03.536Z,25,Red,odd,high,fdc6d7aa-d0b3-47a8-91d3-bb74b20a9779,
fdc6d7aa-d0b3-47a8-91d3-bb74b20a9779:55,2026-07-18T15:06:42.724Z,24,Black,even,high,fdc6d7aa-d0b3-47a8-91d3-bb74b20a9779,
fdc6d7aa-d0b3-47a8-91d3-bb74b20a9779:56,2026-07-18T15:07:23.077Z,1,Red,odd,low,fdc6d7aa-d0b3-47a8-91d3-bb74b20a9779,
fdc6d7aa-d0b3-47a8-91d3-bb74b20a9779:57,2026-07-18T15:08:01.641Z,19,Red,odd,high,fdc6d7aa-d0b3-47a8-91d3-bb74b20a9779,
fdc6d7aa-d0b3-47a8-91d3-bb74b20a9779:58,2026-07-18T15:08:44.647Z,15,Black,odd,low,fdc6d7aa-d0b3-47a8-91d3-bb74b20a9779,
fdc6d7aa-d0b3-47a8-91d3-bb74b20a9779:59,2026-07-18T15:09:25.359Z,33,Black,odd,high,fdc6d7aa-d0b3-47a8-91d3-bb74b20a9779,
fdc6d7aa-d0b3-47a8-91d3-bb74b20a9779:60,2026-07-18T15:10:07.124Z,26,Black,even,high,fdc6d7aa-d0b3-47a8-91d3-bb74b20a9779,
fdc6d7aa-d0b3-47a8-91d3-bb74b20a9779:61,2026-07-18T15:10:52.019Z,13,Black,odd,low,fdc6d7aa-d0b3-47a8-91d3-bb74b20a9779,
fdc6d7aa-d0b3-47a8-91d3-bb74b20a9779:62,2026-07-18T15:11:37.189Z,32,Red,even,high,fdc6d7aa-d0b3-47a8-91d3-bb74b20a9779,
fdc6d7aa-d0b3-47a8-91d3-bb74b20a9779:63,2026-07-18T15:12:15.333Z,7,Red,odd,low,fdc6d7aa-d0b3-47a8-91d3-bb74b20a9779,
fdc6d7aa-d0b3-47a8-91d3-bb74b20a9779:64,2026-07-18T15:12:53.524Z,7,Red,odd,low,fdc6d7aa-d0b3-47a8-91d3-bb74b20a9779,
fdc6d7aa-d0b3-47a8-91d3-bb74b20a9779:65,2026-07-18T15:13:32.983Z,30,Red,even,high,fdc6d7aa-d0b3-47a8-91d3-bb74b20a9779,
fdc6d7aa-d0b3-47a8-91d3-bb74b20a9779:66,2026-07-18T15:14:11.039Z,25,Red,odd,high,fdc6d7aa-d0b3-47a8-91d3-bb74b20a9779,
fdc6d7aa-d0b3-47a8-91d3-bb74b20a9779:67,2026-07-18T15:14:50.959Z,28,Black,even,high,fdc6d7aa-d0b3-47a8-91d3-bb74b20a9779,
fdc6d7aa-d0b3-47a8-91d3-bb74b20a9779:68,2026-07-18T15:15:29.630Z,26,Black,even,high,fdc6d7aa-d0b3-47a8-91d3-bb74b20a9779,
fdc6d7aa-d0b3-47a8-91d3-bb74b20a9779:69,2026-07-18T15:16:08.989Z,13,Black,odd,low,fdc6d7aa-d0b3-47a8-91d3-bb74b20a9779,
fdc6d7aa-d0b3-47a8-91d3-bb74b20a9779:70,2026-07-18T15:16:47.628Z,5,Red,odd,low,fdc6d7aa-d0b3-47a8-91d3-bb74b20a9779,
fdc6d7aa-d0b3-47a8-91d3-bb74b20a9779:71,2026-07-18T15:17:24.535Z,28,Black,even,high,fdc6d7aa-d0b3-47a8-91d3-bb74b20a9779,
fdc6d7aa-d0b3-47a8-91d3-bb74b20a9779:72,2026-07-18T15:18:02.719Z,14,Red,even,low,fdc6d7aa-d0b3-47a8-91d3-bb74b20a9779,
fdc6d7aa-d0b3-47a8-91d3-bb74b20a9779:73,2026-07-18T15:18:40.035Z,6,Black,even,low,fdc6d7aa-d0b3-47a8-91d3-bb74b20a9779,
fdc6d7aa-d0b3-47a8-91d3-bb74b20a9779:74,2026-07-18T15:19:18.960Z,32,Red,even,high,fdc6d7aa-d0b3-47a8-91d3-bb74b20a9779,
fdc6d7aa-d0b3-47a8-91d3-bb74b20a9779:75,2026-07-18T15:19:58.463Z,18,Red,even,low,fdc6d7aa-d0b3-47a8-91d3-bb74b20a9779,
fdc6d7aa-d0b3-47a8-91d3-bb74b20a9779:76,2026-07-18T15:20:36.861Z,34,Red,even,high,fdc6d7aa-d0b3-47a8-91d3-bb74b20a9779,
fdc6d7aa-d0b3-47a8-91d3-bb74b20a9779:77,2026-07-18T15:21:13.097Z,4,Black,even,low,fdc6d7aa-d0b3-47a8-91d3-bb74b20a9779,
fdc6d7aa-d0b3-47a8-91d3-bb74b20a9779:78,2026-07-18T15:21:54.217Z,32,Red,even,high,fdc6d7aa-d0b3-47a8-91d3-bb74b20a9779,
fdc6d7aa-d0b3-47a8-91d3-bb74b20a9779:79,2026-07-18T15:22:31.688Z,19,Red,odd,high,fdc6d7aa-d0b3-47a8-91d3-bb74b20a9779,
fdc6d7aa-d0b3-47a8-91d3-bb74b20a9779:80,2026-07-18T15:23:04.372Z,26,Black,even,high,fdc6d7aa-d0b3-47a8-91d3-bb74b20a9779,
fdc6d7aa-d0b3-47a8-91d3-bb74b20a9779:81,2026-07-18T15:23:41.219Z,15,Black,odd,low,fdc6d7aa-d0b3-47a8-91d3-bb74b20a9779,
fdc6d7aa-d0b3-47a8-91d3-bb74b20a9779:82,2026-07-18T15:24:19.788Z,21,Red,odd,high,fdc6d7aa-d0b3-47a8-91d3-bb74b20a9779,
fdc6d7aa-d0b3-47a8-91d3-bb74b20a9779:83,2026-07-18T15:24:57.808Z,24,Black,even,high,fdc6d7aa-d0b3-47a8-91d3-bb74b20a9779,
fdc6d7aa-d0b3-47a8-91d3-bb74b20a9779:84,2026-07-18T15:25:35.240Z,12,Red,even,low,fdc6d7aa-d0b3-47a8-91d3-bb74b20a9779,
fdc6d7aa-d0b3-47a8-91d3-bb74b20a9779:85,2026-07-18T15:26:14.790Z,32,Red,even,high,fdc6d7aa-d0b3-47a8-91d3-bb74b20a9779,
fdc6d7aa-d0b3-47a8-91d3-bb74b20a9779:86,2026-07-18T15:26:52.858Z,5,Red,odd,low,fdc6d7aa-d0b3-47a8-91d3-bb74b20a9779,
fdc6d7aa-d0b3-47a8-91d3-bb74b20a9779:87,2026-07-18T15:27:31.822Z,31,Black,odd,high,fdc6d7aa-d0b3-47a8-91d3-bb74b20a9779,
fdc6d7aa-d0b3-47a8-91d3-bb74b20a9779:88,2026-07-18T15:28:11.065Z,19,Red,odd,high,fdc6d7aa-d0b3-47a8-91d3-bb74b20a9779,
fdc6d7aa-d0b3-47a8-91d3-bb74b20a9779:89,2026-07-18T15:28:50.539Z,9,Red,odd,low,fdc6d7aa-d0b3-47a8-91d3-bb74b20a9779,
fdc6d7aa-d0b3-47a8-91d3-bb74b20a9779:90,2026-07-18T15:29:28.807Z,22,Black,even,high,fdc6d7aa-d0b3-47a8-91d3-bb74b20a9779,
fdc6d7aa-d0b3-47a8-91d3-bb74b20a9779:91,2026-07-18T15:30:05.466Z,8,Black,even,low,fdc6d7aa-d0b3-47a8-91d3-bb74b20a9779,
fdc6d7aa-d0b3-47a8-91d3-bb74b20a9779:92,2026-07-18T15:30:43.245Z,4,Black,even,low,fdc6d7aa-d0b3-47a8-91d3-bb74b20a9779,
fdc6d7aa-d0b3-47a8-91d3-bb74b20a9779:93,2026-07-18T15:31:25.389Z,28,Black,even,high,fdc6d7aa-d0b3-47a8-91d3-bb74b20a9779,
fdc6d7aa-d0b3-47a8-91d3-bb74b20a9779:94,2026-07-18T15:32:01.750Z,32,Red,even,high,fdc6d7aa-d0b3-47a8-91d3-bb74b20a9779,
fdc6d7aa-d0b3-47a8-91d3-bb74b20a9779:95,2026-07-18T15:32:39.010Z,4,Black,even,low,fdc6d7aa-d0b3-47a8-91d3-bb74b20a9779,
fdc6d7aa-d0b3-47a8-91d3-bb74b20a9779:96,2026-07-18T15:33:17.914Z,7,Red,odd,low,fdc6d7aa-d0b3-47a8-91d3-bb74b20a9779,
fdc6d7aa-d0b3-47a8-91d3-bb74b20a9779:97,2026-07-18T15:33:54.912Z,30,Red,even,high,fdc6d7aa-d0b3-47a8-91d3-bb74b20a9779,
fdc6d7aa-d0b3-47a8-91d3-bb74b20a9779:98,2026-07-18T15:34:31.206Z,23,Red,odd,high,fdc6d7aa-d0b3-47a8-91d3-bb74b20a9779,
fdc6d7aa-d0b3-47a8-91d3-bb74b20a9779:99,2026-07-18T15:35:10.026Z,33,Black,odd,high,fdc6d7aa-d0b3-47a8-91d3-bb74b20a9779,
fdc6d7aa-d0b3-47a8-91d3-bb74b20a9779:100,2026-07-18T15:35:45.506Z,35,Black,odd,high,fdc6d7aa-d0b3-47a8-91d3-bb74b20a9779,
fdc6d7aa-d0b3-47a8-91d3-bb74b20a9779:101,2026-07-18T15:36:25.055Z,24,Black,even,high,fdc6d7aa-d0b3-47a8-91d3-bb74b20a9779,
fdc6d7aa-d0b3-47a8-91d3-bb74b20a9779:102,2026-07-18T15:37:08.334Z,18,Red,even,low,fdc6d7aa-d0b3-47a8-91d3-bb74b20a9779,
fdc6d7aa-d0b3-47a8-91d3-bb74b20a9779:103,2026-07-18T15:37:40.061Z,33,Black,odd,high,fdc6d7aa-d0b3-47a8-91d3-bb74b20a9779,
fdc6d7aa-d0b3-47a8-91d3-bb74b20a9779:104,2026-07-18T15:38:17.197Z,12,Red,even,low,fdc6d7aa-d0b3-47a8-91d3-bb74b20a9779,
fdc6d7aa-d0b3-47a8-91d3-bb74b20a9779:105,2026-07-18T15:38:56.731Z,18,Red,even,low,fdc6d7aa-d0b3-47a8-91d3-bb74b20a9779,
fdc6d7aa-d0b3-47a8-91d3-bb74b20a9779:106,2026-07-18T15:39:34.713Z,5,Red,odd,low,fdc6d7aa-d0b3-47a8-91d3-bb74b20a9779,
fdc6d7aa-d0b3-47a8-91d3-bb74b20a9779:107,2026-07-18T15:40:20.482Z,13,Black,odd,low,fdc6d7aa-d0b3-47a8-91d3-bb74b20a9779,
fdc6d7aa-d0b3-47a8-91d3-bb74b20a9779:108,2026-07-18T15:41:03.600Z,9,Red,odd,low,fdc6d7aa-d0b3-47a8-91d3-bb74b20a9779,
fdc6d7aa-d0b3-47a8-91d3-bb74b20a9779:109,2026-07-18T15:41:42.837Z,34,Red,even,high,fdc6d7aa-d0b3-47a8-91d3-bb74b20a9779,
fdc6d7aa-d0b3-47a8-91d3-bb74b20a9779:110,2026-07-18T15:42:21.318Z,1,Red,odd,low,fdc6d7aa-d0b3-47a8-91d3-bb74b20a9779,
fdc6d7aa-d0b3-47a8-91d3-bb74b20a9779:111,2026-07-18T15:43:03.715Z,14,Red,even,low,fdc6d7aa-d0b3-47a8-91d3-bb74b20a9779,
fdc6d7aa-d0b3-47a8-91d3-bb74b20a9779:112,2026-07-18T15:43:44.732Z,26,Black,even,high,fdc6d7aa-d0b3-47a8-91d3-bb74b20a9779,
fdc6d7aa-d0b3-47a8-91d3-bb74b20a9779:113,2026-07-18T15:44:27.193Z,19,Red,odd,high,fdc6d7aa-d0b3-47a8-91d3-bb74b20a9779,
fdc6d7aa-d0b3-47a8-91d3-bb74b20a9779:114,2026-07-18T15:45:03.697Z,3,Red,odd,low,fdc6d7aa-d0b3-47a8-91d3-bb74b20a9779,
fdc6d7aa-d0b3-47a8-91d3-bb74b20a9779:115,2026-07-18T15:45:44.606Z,28,Black,even,high,fdc6d7aa-d0b3-47a8-91d3-bb74b20a9779,
fdc6d7aa-d0b3-47a8-91d3-bb74b20a9779:116,2026-07-18T15:46:24.363Z,10,Black,even,low,fdc6d7aa-d0b3-47a8-91d3-bb74b20a9779,
fdc6d7aa-d0b3-47a8-91d3-bb74b20a9779:117,2026-07-18T15:47:05.106Z,2,Black,even,low,fdc6d7aa-d0b3-47a8-91d3-bb74b20a9779,
fdc6d7aa-d0b3-47a8-91d3-bb74b20a9779:118,2026-07-18T15:47:47.873Z,29,Black,odd,high,fdc6d7aa-d0b3-47a8-91d3-bb74b20a9779,
fdc6d7aa-d0b3-47a8-91d3-bb74b20a9779:119,2026-07-18T15:48:29.985Z,7,Red,odd,low,fdc6d7aa-d0b3-47a8-91d3-bb74b20a9779,
fdc6d7aa-d0b3-47a8-91d3-bb74b20a9779:120,2026-07-18T15:49:09.119Z,25,Red,odd,high,fdc6d7aa-d0b3-47a8-91d3-bb74b20a9779,
fdc6d7aa-d0b3-47a8-91d3-bb74b20a9779:121,2026-07-18T15:49:51.554Z,0,Green,Zero,Zero,fdc6d7aa-d0b3-47a8-91d3-bb74b20a9779,
fdc6d7aa-d0b3-47a8-91d3-bb74b20a9779:122,2026-07-18T15:50:33.437Z,26,Black,even,high,fdc6d7aa-d0b3-47a8-91d3-bb74b20a9779,
fdc6d7aa-d0b3-47a8-91d3-bb74b20a9779:123,2026-07-18T15:51:12.204Z,8,Black,even,low,fdc6d7aa-d0b3-47a8-91d3-bb74b20a9779,
fdc6d7aa-d0b3-47a8-91d3-bb74b20a9779:124,2026-07-18T15:51:52.495Z,29,Black,odd,high,fdc6d7aa-d0b3-47a8-91d3-bb74b20a9779,
fdc6d7aa-d0b3-47a8-91d3-bb74b20a9779:125,2026-07-18T15:52:35.727Z,33,Black,odd,high,fdc6d7aa-d0b3-47a8-91d3-bb74b20a9779,
fdc6d7aa-d0b3-47a8-91d3-bb74b20a9779:126,2026-07-18T15:53:17.346Z,18,Red,even,low,fdc6d7aa-d0b3-47a8-91d3-bb74b20a9779,
fdc6d7aa-d0b3-47a8-91d3-bb74b20a9779:127,2026-07-18T15:53:58.403Z,30,Red,even,high,fdc6d7aa-d0b3-47a8-91d3-bb74b20a9779,
fdc6d7aa-d0b3-47a8-91d3-bb74b20a9779:128,2026-07-18T15:54:38.802Z,20,Black,even,high,fdc6d7aa-d0b3-47a8-91d3-bb74b20a9779,
fdc6d7aa-d0b3-47a8-91d3-bb74b20a9779:129,2026-07-18T15:55:17.835Z,24,Black,even,high,fdc6d7aa-d0b3-47a8-91d3-bb74b20a9779,
fdc6d7aa-d0b3-47a8-91d3-bb74b20a9779:130,2026-07-18T15:55:59.464Z,19,Red,odd,high,fdc6d7aa-d0b3-47a8-91d3-bb74b20a9779,
fdc6d7aa-d0b3-47a8-91d3-bb74b20a9779:131,2026-07-18T15:56:37.659Z,34,Red,even,high,fdc6d7aa-d0b3-47a8-91d3-bb74b20a9779,
fdc6d7aa-d0b3-47a8-91d3-bb74b20a9779:132,2026-07-18T15:57:19.003Z,18,Red,even,low,fdc6d7aa-d0b3-47a8-91d3-bb74b20a9779,
fdc6d7aa-d0b3-47a8-91d3-bb74b20a9779:133,2026-07-18T15:58:00.612Z,28,Black,even,high,fdc6d7aa-d0b3-47a8-91d3-bb74b20a9779,
fdc6d7aa-d0b3-47a8-91d3-bb74b20a9779:134,2026-07-18T15:58:39.151Z,0,Green,Zero,Zero,fdc6d7aa-d0b3-47a8-91d3-bb74b20a9779,
fdc6d7aa-d0b3-47a8-91d3-bb74b20a9779:135,2026-07-18T15:59:22.441Z,5,Red,odd,low,fdc6d7aa-d0b3-47a8-91d3-bb74b20a9779,
fdc6d7aa-d0b3-47a8-91d3-bb74b20a9779:136,2026-07-18T16:00:02.234Z,30,Red,even,high,fdc6d7aa-d0b3-47a8-91d3-bb74b20a9779,
fdc6d7aa-d0b3-47a8-91d3-bb74b20a9779:137,2026-07-18T16:00:44.140Z,32,Red,even,high,fdc6d7aa-d0b3-47a8-91d3-bb74b20a9779,
fdc6d7aa-d0b3-47a8-91d3-bb74b20a9779:138,2026-07-18T16:01:27.273Z,28,Black,even,high,fdc6d7aa-d0b3-47a8-91d3-bb74b20a9779,
fdc6d7aa-d0b3-47a8-91d3-bb74b20a9779:139,2026-07-18T16:02:06.523Z,2,Black,even,low,fdc6d7aa-d0b3-47a8-91d3-bb74b20a9779,
fdc6d7aa-d0b3-47a8-91d3-bb74b20a9779:140,2026-07-18T16:02:49.557Z,28,Black,even,high,fdc6d7aa-d0b3-47a8-91d3-bb74b20a9779,
fdc6d7aa-d0b3-47a8-91d3-bb74b20a9779:141,2026-07-18T16:03:31.050Z,14,Red,even,low,fdc6d7aa-d0b3-47a8-91d3-bb74b20a9779,
fdc6d7aa-d0b3-47a8-91d3-bb74b20a9779:142,2026-07-18T16:04:13.460Z,31,Black,odd,high,fdc6d7aa-d0b3-47a8-91d3-bb74b20a9779,
fdc6d7aa-d0b3-47a8-91d3-bb74b20a9779:143,2026-07-18T16:04:50.757Z,1,Red,odd,low,fdc6d7aa-d0b3-47a8-91d3-bb74b20a9779,
fdc6d7aa-d0b3-47a8-91d3-bb74b20a9779:144,2026-07-18T16:05:33.186Z,3,Red,odd,low,fdc6d7aa-d0b3-47a8-91d3-bb74b20a9779,
fdc6d7aa-d0b3-47a8-91d3-bb74b20a9779:145,2026-07-18T16:06:14.106Z,35,Black,odd,high,fdc6d7aa-d0b3-47a8-91d3-bb74b20a9779,
fdc6d7aa-d0b3-47a8-91d3-bb74b20a9779:146,2026-07-18T16:06:52.476Z,19,Red,odd,high,fdc6d7aa-d0b3-47a8-91d3-bb74b20a9779,
fdc6d7aa-d0b3-47a8-91d3-bb74b20a9779:147,2026-07-18T16:07:33.896Z,15,Black,odd,low,fdc6d7aa-d0b3-47a8-91d3-bb74b20a9779,
fdc6d7aa-d0b3-47a8-91d3-bb74b20a9779:148,2026-07-18T16:08:13.961Z,19,Red,odd,high,fdc6d7aa-d0b3-47a8-91d3-bb74b20a9779,
fdc6d7aa-d0b3-47a8-91d3-bb74b20a9779:149,2026-07-18T16:08:54.976Z,13,Black,odd,low,fdc6d7aa-d0b3-47a8-91d3-bb74b20a9779,
fdc6d7aa-d0b3-47a8-91d3-bb74b20a9779:150,2026-07-18T16:09:45.671Z,32,Red,even,high,fdc6d7aa-d0b3-47a8-91d3-bb74b20a9779,
fdc6d7aa-d0b3-47a8-91d3-bb74b20a9779:151,2026-07-18T16:10:28.386Z,25,Red,odd,high,fdc6d7aa-d0b3-47a8-91d3-bb74b20a9779,
fdc6d7aa-d0b3-47a8-91d3-bb74b20a9779:152,2026-07-18T16:11:08.405Z,19,Red,odd,high,fdc6d7aa-d0b3-47a8-91d3-bb74b20a9779,
fdc6d7aa-d0b3-47a8-91d3-bb74b20a9779:153,2026-07-18T16:11:47.862Z,23,Red,odd,high,fdc6d7aa-d0b3-47a8-91d3-bb74b20a9779,
fdc6d7aa-d0b3-47a8-91d3-bb74b20a9779:154,2026-07-18T16:12:27.672Z,36,Red,even,high,fdc6d7aa-d0b3-47a8-91d3-bb74b20a9779,
fdc6d7aa-d0b3-47a8-91d3-bb74b20a9779:155,2026-07-18T16:13:06.286Z,32,Red,even,high,fdc6d7aa-d0b3-47a8-91d3-bb74b20a9779,
fdc6d7aa-d0b3-47a8-91d3-bb74b20a9779:156,2026-07-18T16:13:45.136Z,32,Red,even,high,fdc6d7aa-d0b3-47a8-91d3-bb74b20a9779,
fdc6d7aa-d0b3-47a8-91d3-bb74b20a9779:157,2026-07-18T16:14:31.475Z,21,Red,odd,high,fdc6d7aa-d0b3-47a8-91d3-bb74b20a9779,
fdc6d7aa-d0b3-47a8-91d3-bb74b20a9779:158,2026-07-18T16:15:09.198Z,24,Black,even,high,fdc6d7aa-d0b3-47a8-91d3-bb74b20a9779,
fdc6d7aa-d0b3-47a8-91d3-bb74b20a9779:159,2026-07-18T16:16:06.103Z,0,Green,Zero,Zero,fdc6d7aa-d0b3-47a8-91d3-bb74b20a9779,
fdc6d7aa-d0b3-47a8-91d3-bb74b20a9779:160,2026-07-18T16:16:22.252Z,21,Red,odd,high,fdc6d7aa-d0b3-47a8-91d3-bb74b20a9779,
fdc6d7aa-d0b3-47a8-91d3-bb74b20a9779:161,2026-07-18T16:17:07.279Z,18,Red,even,low,fdc6d7aa-d0b3-47a8-91d3-bb74b20a9779,
fdc6d7aa-d0b3-47a8-91d3-bb74b20a9779:162,2026-07-18T16:17:37.618Z,29,Black,odd,high,fdc6d7aa-d0b3-47a8-91d3-bb74b20a9779,
fdc6d7aa-d0b3-47a8-91d3-bb74b20a9779:163,2026-07-18T16:18:15.373Z,26,Black,even,high,fdc6d7aa-d0b3-47a8-91d3-bb74b20a9779,
fdc6d7aa-d0b3-47a8-91d3-bb74b20a9779:164,2026-07-18T16:18:53.020Z,4,Black,even,low,fdc6d7aa-d0b3-47a8-91d3-bb74b20a9779,
fdc6d7aa-d0b3-47a8-91d3-bb74b20a9779:165,2026-07-18T16:19:34.789Z,18,Red,even,low,fdc6d7aa-d0b3-47a8-91d3-bb74b20a9779,
fdc6d7aa-d0b3-47a8-91d3-bb74b20a9779:166,2026-07-18T16:20:09.795Z,35,Black,odd,high,fdc6d7aa-d0b3-47a8-91d3-bb74b20a9779,
fdc6d7aa-d0b3-47a8-91d3-bb74b20a9779:167,2026-07-18T16:20:46.046Z,18,Red,even,low,fdc6d7aa-d0b3-47a8-91d3-bb74b20a9779,
fdc6d7aa-d0b3-47a8-91d3-bb74b20a9779:168,2026-07-18T16:21:22.686Z,13,Black,odd,low,fdc6d7aa-d0b3-47a8-91d3-bb74b20a9779,
fdc6d7aa-d0b3-47a8-91d3-bb74b20a9779:169,2026-07-18T16:21:58.852Z,4,Black,even,low,fdc6d7aa-d0b3-47a8-91d3-bb74b20a9779,
fdc6d7aa-d0b3-47a8-91d3-bb74b20a9779:170,2026-07-18T16:22:39.904Z,17,Black,odd,low,fdc6d7aa-d0b3-47a8-91d3-bb74b20a9779,
fdc6d7aa-d0b3-47a8-91d3-bb74b20a9779:171,2026-07-18T16:23:18.575Z,19,Red,odd,high,fdc6d7aa-d0b3-47a8-91d3-bb74b20a9779,
fdc6d7aa-d0b3-47a8-91d3-bb74b20a9779:172,2026-07-18T16:23:53.723Z,14,Red,even,low,fdc6d7aa-d0b3-47a8-91d3-bb74b20a9779,
fdc6d7aa-d0b3-47a8-91d3-bb74b20a9779:173,2026-07-18T16:24:32.790Z,25,Red,odd,high,fdc6d7aa-d0b3-47a8-91d3-bb74b20a9779,
fdc6d7aa-d0b3-47a8-91d3-bb74b20a9779:174,2026-07-18T16:25:10.545Z,2,Black,even,low,fdc6d7aa-d0b3-47a8-91d3-bb74b20a9779,
fdc6d7aa-d0b3-47a8-91d3-bb74b20a9779:175,2026-07-18T16:25:51.498Z,30,Red,even,high,fdc6d7aa-d0b3-47a8-91d3-bb74b20a9779,
fdc6d7aa-d0b3-47a8-91d3-bb74b20a9779:176,2026-07-18T16:26:28.506Z,32,Red,even,high,fdc6d7aa-d0b3-47a8-91d3-bb74b20a9779,
fdc6d7aa-d0b3-47a8-91d3-bb74b20a9779:177,2026-07-18T16:27:10.420Z,14,Red,even,low,fdc6d7aa-d0b3-47a8-91d3-bb74b20a9779,
fdc6d7aa-d0b3-47a8-91d3-bb74b20a9779:178,2026-07-18T16:27:48.784Z,14,Red,even,low,fdc6d7aa-d0b3-47a8-91d3-bb74b20a9779,
fdc6d7aa-d0b3-47a8-91d3-bb74b20a9779:179,2026-07-18T16:28:28.121Z,29,Black,odd,high,fdc6d7aa-d0b3-47a8-91d3-bb74b20a9779,
fdc6d7aa-d0b3-47a8-91d3-bb74b20a9779:180,2026-07-18T16:29:02.682Z,3,Red,odd,low,fdc6d7aa-d0b3-47a8-91d3-bb74b20a9779,
fdc6d7aa-d0b3-47a8-91d3-bb74b20a9779:181,2026-07-18T16:29:43.277Z,20,Black,even,high,fdc6d7aa-d0b3-47a8-91d3-bb74b20a9779,
fdc6d7aa-d0b3-47a8-91d3-bb74b20a9779:182,2026-07-18T16:30:19.522Z,21,Red,odd,high,fdc6d7aa-d0b3-47a8-91d3-bb74b20a9779,
fdc6d7aa-d0b3-47a8-91d3-bb74b20a9779:183,2026-07-18T16:30:56.927Z,35,Black,odd,high,fdc6d7aa-d0b3-47a8-91d3-bb74b20a9779,
fdc6d7aa-d0b3-47a8-91d3-bb74b20a9779:184,2026-07-18T16:31:42.817Z,21,Red,odd,high,fdc6d7aa-d0b3-47a8-91d3-bb74b20a9779,
fdc6d7aa-d0b3-47a8-91d3-bb74b20a9779:185,2026-07-18T16:32:16.492Z,18,Red,even,low,fdc6d7aa-d0b3-47a8-91d3-bb74b20a9779,
fdc6d7aa-d0b3-47a8-91d3-bb74b20a9779:186,2026-07-18T16:32:51.280Z,21,Red,odd,high,fdc6d7aa-d0b3-47a8-91d3-bb74b20a9779,
fdc6d7aa-d0b3-47a8-91d3-bb74b20a9779:187,2026-07-18T16:33:29.272Z,16,Red,even,low,fdc6d7aa-d0b3-47a8-91d3-bb74b20a9779,
fdc6d7aa-d0b3-47a8-91d3-bb74b20a9779:188,2026-07-18T16:34:09.376Z,29,Black,odd,high,fdc6d7aa-d0b3-47a8-91d3-bb74b20a9779,
fdc6d7aa-d0b3-47a8-91d3-bb74b20a9779:189,2026-07-18T16:34:46.811Z,26,Black,even,high,fdc6d7aa-d0b3-47a8-91d3-bb74b20a9779,
fdc6d7aa-d0b3-47a8-91d3-bb74b20a9779:190,2026-07-18T16:35:26.330Z,23,Red,odd,high,fdc6d7aa-d0b3-47a8-91d3-bb74b20a9779,
fdc6d7aa-d0b3-47a8-91d3-bb74b20a9779:191,2026-07-18T16:36:07.124Z,27,Red,odd,high,fdc6d7aa-d0b3-47a8-91d3-bb74b20a9779,
fdc6d7aa-d0b3-47a8-91d3-bb74b20a9779:192,2026-07-18T16:36:42.136Z,4,Black,even,low,fdc6d7aa-d0b3-47a8-91d3-bb74b20a9779,
fdc6d7aa-d0b3-47a8-91d3-bb74b20a9779:193,2026-07-18T16:37:18.440Z,6,Black,even,low,fdc6d7aa-d0b3-47a8-91d3-bb74b20a9779,
fdc6d7aa-d0b3-47a8-91d3-bb74b20a9779:194,2026-07-18T16:37:56.162Z,18,Red,even,low,fdc6d7aa-d0b3-47a8-91d3-bb74b20a9779,
fdc6d7aa-d0b3-47a8-91d3-bb74b20a9779:195,2026-07-18T16:38:36.007Z,34,Red,even,high,fdc6d7aa-d0b3-47a8-91d3-bb74b20a9779,
fdc6d7aa-d0b3-47a8-91d3-bb74b20a9779:196,2026-07-18T16:39:13.150Z,19,Red,odd,high,fdc6d7aa-d0b3-47a8-91d3-bb74b20a9779,
0415fd08-95e2-4a67-982a-b6331131b70a:1,2026-07-18T17:49:00.364Z,25,Red,odd,high,0415fd08-95e2-4a67-982a-b6331131b70a,
0415fd08-95e2-4a67-982a-b6331131b70a:2,2026-07-18T17:49:10.278Z,35,Black,odd,high,0415fd08-95e2-4a67-982a-b6331131b70a,
0415fd08-95e2-4a67-982a-b6331131b70a:3,2026-07-18T17:49:50.516Z,12,Red,even,low,0415fd08-95e2-4a67-982a-b6331131b70a,
0415fd08-95e2-4a67-982a-b6331131b70a:4,2026-07-18T17:50:30.616Z,7,Red,odd,low,0415fd08-95e2-4a67-982a-b6331131b70a,
0415fd08-95e2-4a67-982a-b6331131b70a:5,2026-07-18T17:51:10.695Z,22,Black,even,high,0415fd08-95e2-4a67-982a-b6331131b70a,
0415fd08-95e2-4a67-982a-b6331131b70a:6,2026-07-18T17:51:51.165Z,25,Red,odd,high,0415fd08-95e2-4a67-982a-b6331131b70a,
0415fd08-95e2-4a67-982a-b6331131b70a:7,2026-07-18T17:52:34.346Z,19,Red,odd,high,0415fd08-95e2-4a67-982a-b6331131b70a,
0415fd08-95e2-4a67-982a-b6331131b70a:8,2026-07-18T17:53:13.659Z,4,Black,even,low,0415fd08-95e2-4a67-982a-b6331131b70a,
0415fd08-95e2-4a67-982a-b6331131b70a:9,2026-07-18T17:53:55.425Z,22,Black,even,high,0415fd08-95e2-4a67-982a-b6331131b70a,
0415fd08-95e2-4a67-982a-b6331131b70a:10,2026-07-18T17:54:08.504Z,22,Black,even,high,0415fd08-95e2-4a67-982a-b6331131b70a,
0415fd08-95e2-4a67-982a-b6331131b70a:11,2026-07-18T17:54:50.157Z,16,Red,even,low,0415fd08-95e2-4a67-982a-b6331131b70a,
0415fd08-95e2-4a67-982a-b6331131b70a:12,2026-07-18T17:55:17.757Z,7,Red,odd,low,0415fd08-95e2-4a67-982a-b6331131b70a,
0415fd08-95e2-4a67-982a-b6331131b70a:13,2026-07-18T17:56:00.373Z,3,Red,odd,low,0415fd08-95e2-4a67-982a-b6331131b70a,
0415fd08-95e2-4a67-982a-b6331131b70a:14,2026-07-18T17:56:39.448Z,22,Black,even,high,0415fd08-95e2-4a67-982a-b6331131b70a,
0415fd08-95e2-4a67-982a-b6331131b70a:15,2026-07-18T17:57:17.956Z,20,Black,even,high,0415fd08-95e2-4a67-982a-b6331131b70a,
0415fd08-95e2-4a67-982a-b6331131b70a:16,2026-07-18T17:58:00.455Z,20,Black,even,high,0415fd08-95e2-4a67-982a-b6331131b70a,
0415fd08-95e2-4a67-982a-b6331131b70a:17,2026-07-18T17:58:43.771Z,31,Black,odd,high,0415fd08-95e2-4a67-982a-b6331131b70a,
0415fd08-95e2-4a67-982a-b6331131b70a:18,2026-07-18T17:59:25.882Z,13,Black,odd,low,0415fd08-95e2-4a67-982a-b6331131b70a,
0415fd08-95e2-4a67-982a-b6331131b70a:19,2026-07-18T18:00:07.920Z,34,Red,even,high,0415fd08-95e2-4a67-982a-b6331131b70a,
0415fd08-95e2-4a67-982a-b6331131b70a:20,2026-07-18T18:00:47.054Z,3,Red,odd,low,0415fd08-95e2-4a67-982a-b6331131b70a,
0415fd08-95e2-4a67-982a-b6331131b70a:21,2026-07-18T18:01:27.100Z,32,Red,even,high,0415fd08-95e2-4a67-982a-b6331131b70a,
0415fd08-95e2-4a67-982a-b6331131b70a:22,2026-07-18T18:02:08.128Z,25,Red,odd,high,0415fd08-95e2-4a67-982a-b6331131b70a,
0415fd08-95e2-4a67-982a-b6331131b70a:23,2026-07-18T18:02:49.460Z,25,Red,odd,high,0415fd08-95e2-4a67-982a-b6331131b70a,
0415fd08-95e2-4a67-982a-b6331131b70a:24,2026-07-18T18:03:28.425Z,19,Red,odd,high,0415fd08-95e2-4a67-982a-b6331131b70a,
0415fd08-95e2-4a67-982a-b6331131b70a:25,2026-07-18T18:04:11.009Z,6,Black,even,low,0415fd08-95e2-4a67-982a-b6331131b70a,
0415fd08-95e2-4a67-982a-b6331131b70a:26,2026-07-18T18:04:48.916Z,9,Red,odd,low,0415fd08-95e2-4a67-982a-b6331131b70a,
0415fd08-95e2-4a67-982a-b6331131b70a:27,2026-07-18T18:05:30.808Z,27,Red,odd,high,0415fd08-95e2-4a67-982a-b6331131b70a,
0415fd08-95e2-4a67-982a-b6331131b70a:28,2026-07-18T18:06:12.439Z,33,Black,odd,high,0415fd08-95e2-4a67-982a-b6331131b70a,
0415fd08-95e2-4a67-982a-b6331131b70a:29,2026-07-18T18:06:51.463Z,1,Red,odd,low,0415fd08-95e2-4a67-982a-b6331131b70a,
0415fd08-95e2-4a67-982a-b6331131b70a:30,2026-07-18T18:07:33.531Z,23,Red,odd,high,0415fd08-95e2-4a67-982a-b6331131b70a,
0415fd08-95e2-4a67-982a-b6331131b70a:31,2026-07-18T18:08:13.882Z,12,Red,even,low,0415fd08-95e2-4a67-982a-b6331131b70a,
0415fd08-95e2-4a67-982a-b6331131b70a:32,2026-07-18T18:08:57.901Z,36,Red,even,high,0415fd08-95e2-4a67-982a-b6331131b70a,
0415fd08-95e2-4a67-982a-b6331131b70a:33,2026-07-18T18:09:36.817Z,25,Red,odd,high,0415fd08-95e2-4a67-982a-b6331131b70a,
0415fd08-95e2-4a67-982a-b6331131b70a:34,2026-07-18T18:10:15.792Z,30,Red,even,high,0415fd08-95e2-4a67-982a-b6331131b70a,
0415fd08-95e2-4a67-982a-b6331131b70a:35,2026-07-18T18:10:56.359Z,14,Red,even,low,0415fd08-95e2-4a67-982a-b6331131b70a,
0415fd08-95e2-4a67-982a-b6331131b70a:36,2026-07-18T18:11:36.703Z,14,Red,even,low,0415fd08-95e2-4a67-982a-b6331131b70a,
0415fd08-95e2-4a67-982a-b6331131b70a:37,2026-07-18T18:12:23.125Z,23,Red,odd,high,0415fd08-95e2-4a67-982a-b6331131b70a,
0415fd08-95e2-4a67-982a-b6331131b70a:38,2026-07-18T18:13:08.661Z,10,Black,even,low,0415fd08-95e2-4a67-982a-b6331131b70a,
0415fd08-95e2-4a67-982a-b6331131b70a:39,2026-07-18T18:13:45.900Z,33,Black,odd,high,0415fd08-95e2-4a67-982a-b6331131b70a,
0415fd08-95e2-4a67-982a-b6331131b70a:40,2026-07-18T18:14:22.293Z,13,Black,odd,low,0415fd08-95e2-4a67-982a-b6331131b70a,
0415fd08-95e2-4a67-982a-b6331131b70a:41,2026-07-18T18:14:58.353Z,2,Black,even,low,0415fd08-95e2-4a67-982a-b6331131b70a,
0415fd08-95e2-4a67-982a-b6331131b70a:42,2026-07-18T18:15:38.745Z,24,Black,even,high,0415fd08-95e2-4a67-982a-b6331131b70a,
0415fd08-95e2-4a67-982a-b6331131b70a:43,2026-07-18T18:16:19.422Z,24,Black,even,high,0415fd08-95e2-4a67-982a-b6331131b70a,
0415fd08-95e2-4a67-982a-b6331131b70a:44,2026-07-18T18:16:54.696Z,4,Black,even,low,0415fd08-95e2-4a67-982a-b6331131b70a,
0415fd08-95e2-4a67-982a-b6331131b70a:45,2026-07-18T18:17:36.004Z,32,Red,even,high,0415fd08-95e2-4a67-982a-b6331131b70a,
0415fd08-95e2-4a67-982a-b6331131b70a:46,2026-07-18T18:18:11.636Z,17,Black,odd,low,0415fd08-95e2-4a67-982a-b6331131b70a,
0415fd08-95e2-4a67-982a-b6331131b70a:47,2026-07-18T18:18:51.897Z,31,Black,odd,high,0415fd08-95e2-4a67-982a-b6331131b70a,
0415fd08-95e2-4a67-982a-b6331131b70a:48,2026-07-18T18:19:29.600Z,33,Black,odd,high,0415fd08-95e2-4a67-982a-b6331131b70a,
0415fd08-95e2-4a67-982a-b6331131b70a:49,2026-07-18T18:20:06.147Z,26,Black,even,high,0415fd08-95e2-4a67-982a-b6331131b70a,
0415fd08-95e2-4a67-982a-b6331131b70a:50,2026-07-18T18:20:44.860Z,1,Red,odd,low,0415fd08-95e2-4a67-982a-b6331131b70a,
0415fd08-95e2-4a67-982a-b6331131b70a:51,2026-07-18T18:21:22.415Z,23,Red,odd,high,0415fd08-95e2-4a67-982a-b6331131b70a,
5647317b-4ce9-475d-9a34-b5751b63c87d:1,2026-07-18T18:43:38.155Z,17,Black,odd,low,5647317b-4ce9-475d-9a34-b5751b63c87d,
5647317b-4ce9-475d-9a34-b5751b63c87d:2,2026-07-18T18:44:05.206Z,17,Black,odd,low,5647317b-4ce9-475d-9a34-b5751b63c87d,
5647317b-4ce9-475d-9a34-b5751b63c87d:3,2026-07-18T18:44:41.609Z,11,Black,odd,low,5647317b-4ce9-475d-9a34-b5751b63c87d,
5647317b-4ce9-475d-9a34-b5751b63c87d:4,2026-07-18T18:45:20.439Z,34,Red,even,high,5647317b-4ce9-475d-9a34-b5751b63c87d,
5647317b-4ce9-475d-9a34-b5751b63c87d:5,2026-07-18T18:45:56.592Z,8,Black,even,low,5647317b-4ce9-475d-9a34-b5751b63c87d,
5647317b-4ce9-475d-9a34-b5751b63c87d:6,2026-07-18T18:46:36.207Z,1,Red,odd,low,5647317b-4ce9-475d-9a34-b5751b63c87d,
5647317b-4ce9-475d-9a34-b5751b63c87d:7,2026-07-18T18:47:15.665Z,17,Black,odd,low,5647317b-4ce9-475d-9a34-b5751b63c87d,
5647317b-4ce9-475d-9a34-b5751b63c87d:8,2026-07-18T18:47:54.203Z,5,Red,odd,low,5647317b-4ce9-475d-9a34-b5751b63c87d,
5647317b-4ce9-475d-9a34-b5751b63c87d:9,2026-07-18T18:48:37.676Z,21,Red,odd,high,5647317b-4ce9-475d-9a34-b5751b63c87d,
5647317b-4ce9-475d-9a34-b5751b63c87d:10,2026-07-18T18:49:13.655Z,31,Black,odd,high,5647317b-4ce9-475d-9a34-b5751b63c87d,
5647317b-4ce9-475d-9a34-b5751b63c87d:11,2026-07-18T18:49:49.619Z,2,Black,even,low,5647317b-4ce9-475d-9a34-b5751b63c87d,
5647317b-4ce9-475d-9a34-b5751b63c87d:12,2026-07-18T18:50:26.644Z,2,Black,even,low,5647317b-4ce9-475d-9a34-b5751b63c87d,
5647317b-4ce9-475d-9a34-b5751b63c87d:13,2026-07-18T18:51:04.058Z,9,Red,odd,low,5647317b-4ce9-475d-9a34-b5751b63c87d,
5647317b-4ce9-475d-9a34-b5751b63c87d:14,2026-07-18T18:51:42.804Z,20,Black,even,high,5647317b-4ce9-475d-9a34-b5751b63c87d,
5647317b-4ce9-475d-9a34-b5751b63c87d:15,2026-07-18T18:52:19.529Z,25,Red,odd,high,5647317b-4ce9-475d-9a34-b5751b63c87d,
5647317b-4ce9-475d-9a34-b5751b63c87d:16,2026-07-18T18:53:00.066Z,6,Black,even,low,5647317b-4ce9-475d-9a34-b5751b63c87d,
5647317b-4ce9-475d-9a34-b5751b63c87d:17,2026-07-18T18:53:38.998Z,1,Red,odd,low,5647317b-4ce9-475d-9a34-b5751b63c87d,
5647317b-4ce9-475d-9a34-b5751b63c87d:18,2026-07-18T18:54:20.299Z,16,Red,even,low,5647317b-4ce9-475d-9a34-b5751b63c87d,
5647317b-4ce9-475d-9a34-b5751b63c87d:19,2026-07-18T18:54:58.922Z,33,Black,odd,high,5647317b-4ce9-475d-9a34-b5751b63c87d,
5647317b-4ce9-475d-9a34-b5751b63c87d:20,2026-07-18T18:55:37.358Z,31,Black,odd,high,5647317b-4ce9-475d-9a34-b5751b63c87d,
5647317b-4ce9-475d-9a34-b5751b63c87d:21,2026-07-18T18:56:15.093Z,32,Red,even,high,5647317b-4ce9-475d-9a34-b5751b63c87d,
5647317b-4ce9-475d-9a34-b5751b63c87d:22,2026-07-18T18:56:52.814Z,6,Black,even,low,5647317b-4ce9-475d-9a34-b5751b63c87d,
5647317b-4ce9-475d-9a34-b5751b63c87d:23,2026-07-18T18:57:31.991Z,0,Green,Zero,Zero,5647317b-4ce9-475d-9a34-b5751b63c87d,
5647317b-4ce9-475d-9a34-b5751b63c87d:24,2026-07-18T18:58:14.803Z,33,Black,odd,high,5647317b-4ce9-475d-9a34-b5751b63c87d,
5647317b-4ce9-475d-9a34-b5751b63c87d:25,2026-07-18T18:58:49.948Z,7,Red,odd,low,5647317b-4ce9-475d-9a34-b5751b63c87d,
5647317b-4ce9-475d-9a34-b5751b63c87d:26,2026-07-18T18:59:27.295Z,32,Red,even,high,5647317b-4ce9-475d-9a34-b5751b63c87d,
5647317b-4ce9-475d-9a34-b5751b63c87d:27,2026-07-18T19:00:08.383Z,30,Red,even,high,5647317b-4ce9-475d-9a34-b5751b63c87d,
5647317b-4ce9-475d-9a34-b5751b63c87d:28,2026-07-18T19:00:56.177Z,21,Red,odd,high,5647317b-4ce9-475d-9a34-b5751b63c87d,
5647317b-4ce9-475d-9a34-b5751b63c87d:29,2026-07-18T19:01:29.099Z,31,Black,odd,high,5647317b-4ce9-475d-9a34-b5751b63c87d,
5647317b-4ce9-475d-9a34-b5751b63c87d:30,2026-07-18T19:02:06.356Z,26,Black,even,high,5647317b-4ce9-475d-9a34-b5751b63c87d,
5647317b-4ce9-475d-9a34-b5751b63c87d:31,2026-07-18T19:02:44.071Z,35,Black,odd,high,5647317b-4ce9-475d-9a34-b5751b63c87d,
5647317b-4ce9-475d-9a34-b5751b63c87d:32,2026-07-18T19:03:25.000Z,17,Black,odd,low,5647317b-4ce9-475d-9a34-b5751b63c87d,
5647317b-4ce9-475d-9a34-b5751b63c87d:33,2026-07-18T19:04:00.340Z,6,Black,even,low,5647317b-4ce9-475d-9a34-b5751b63c87d,
5647317b-4ce9-475d-9a34-b5751b63c87d:34,2026-07-18T19:04:38.378Z,11,Black,odd,low,5647317b-4ce9-475d-9a34-b5751b63c87d,
5647317b-4ce9-475d-9a34-b5751b63c87d:35,2026-07-18T19:05:18.831Z,5,Red,odd,low,5647317b-4ce9-475d-9a34-b5751b63c87d,
5647317b-4ce9-475d-9a34-b5751b63c87d:36,2026-07-18T19:05:59.216Z,21,Red,odd,high,5647317b-4ce9-475d-9a34-b5751b63c87d,
5647317b-4ce9-475d-9a34-b5751b63c87d:37,2026-07-18T19:06:38.034Z,24,Black,even,high,5647317b-4ce9-475d-9a34-b5751b63c87d,
5647317b-4ce9-475d-9a34-b5751b63c87d:38,2026-07-18T19:07:16.749Z,12,Red,even,low,5647317b-4ce9-475d-9a34-b5751b63c87d,
5647317b-4ce9-475d-9a34-b5751b63c87d:39,2026-07-18T19:07:58.147Z,27,Red,odd,high,5647317b-4ce9-475d-9a34-b5751b63c87d,
5647317b-4ce9-475d-9a34-b5751b63c87d:40,2026-07-18T19:08:38.559Z,19,Red,odd,high,5647317b-4ce9-475d-9a34-b5751b63c87d,
5647317b-4ce9-475d-9a34-b5751b63c87d:41,2026-07-18T19:09:18.081Z,14,Red,even,low,5647317b-4ce9-475d-9a34-b5751b63c87d,
5647317b-4ce9-475d-9a34-b5751b63c87d:42,2026-07-18T19:09:56.920Z,17,Black,odd,low,5647317b-4ce9-475d-9a34-b5751b63c87d,
5647317b-4ce9-475d-9a34-b5751b63c87d:43,2026-07-18T19:10:33.176Z,9,Red,odd,low,5647317b-4ce9-475d-9a34-b5751b63c87d,
5647317b-4ce9-475d-9a34-b5751b63c87d:44,2026-07-18T19:11:17.492Z,12,Red,even,low,5647317b-4ce9-475d-9a34-b5751b63c87d,
5647317b-4ce9-475d-9a34-b5751b63c87d:45,2026-07-18T19:12:03.776Z,16,Red,even,low,5647317b-4ce9-475d-9a34-b5751b63c87d,
5647317b-4ce9-475d-9a34-b5751b63c87d:46,2026-07-18T19:12:39.468Z,10,Black,even,low,5647317b-4ce9-475d-9a34-b5751b63c87d,
5647317b-4ce9-475d-9a34-b5751b63c87d:47,2026-07-18T19:13:18.722Z,10,Black,even,low,5647317b-4ce9-475d-9a34-b5751b63c87d,
5647317b-4ce9-475d-9a34-b5751b63c87d:48,2026-07-18T19:13:58.472Z,19,Red,odd,high,5647317b-4ce9-475d-9a34-b5751b63c87d,
5647317b-4ce9-475d-9a34-b5751b63c87d:49,2026-07-18T19:14:37.743Z,9,Red,odd,low,5647317b-4ce9-475d-9a34-b5751b63c87d,
5647317b-4ce9-475d-9a34-b5751b63c87d:50,2026-07-18T19:15:21.563Z,11,Black,odd,low,5647317b-4ce9-475d-9a34-b5751b63c87d,
5647317b-4ce9-475d-9a34-b5751b63c87d:51,2026-07-18T19:16:00.809Z,31,Black,odd,high,5647317b-4ce9-475d-9a34-b5751b63c87d,
5647317b-4ce9-475d-9a34-b5751b63c87d:52,2026-07-18T19:16:36.394Z,19,Red,odd,high,5647317b-4ce9-475d-9a34-b5751b63c87d,
5647317b-4ce9-475d-9a34-b5751b63c87d:53,2026-07-18T19:17:19.988Z,27,Red,odd,high,5647317b-4ce9-475d-9a34-b5751b63c87d,
5647317b-4ce9-475d-9a34-b5751b63c87d:54,2026-07-18T19:17:56.884Z,12,Red,even,low,5647317b-4ce9-475d-9a34-b5751b63c87d,
da035a71-df27-46ab-ab2e-c8ecdc451a34:1,2026-07-18T19:28:11.985Z,1,Red,odd,low,da035a71-df27-46ab-ab2e-c8ecdc451a34,
da035a71-df27-46ab-ab2e-c8ecdc451a34:2,2026-07-18T19:28:14.165Z,1,Red,odd,low,da035a71-df27-46ab-ab2e-c8ecdc451a34,
da035a71-df27-46ab-ab2e-c8ecdc451a34:3,2026-07-18T19:28:15.479Z,0,Green,Zero,Zero,da035a71-df27-46ab-ab2e-c8ecdc451a34,
da035a71-df27-46ab-ab2e-c8ecdc451a34:4,2026-07-18T19:28:16.586Z,1,Red,odd,low,da035a71-df27-46ab-ab2e-c8ecdc451a34,
da035a71-df27-46ab-ab2e-c8ecdc451a34:5,2026-07-18T19:28:31.852Z,1,Red,odd,low,da035a71-df27-46ab-ab2e-c8ecdc451a34,
da035a71-df27-46ab-ab2e-c8ecdc451a34:6,2026-07-18T19:28:33.077Z,1,Red,odd,low,da035a71-df27-46ab-ab2e-c8ecdc451a34,
da035a71-df27-46ab-ab2e-c8ecdc451a34:7,2026-07-18T19:28:35.199Z,0,Green,Zero,Zero,da035a71-df27-46ab-ab2e-c8ecdc451a34,
2b638e7c-9d42-4466-aedd-06aacc5fc677:1,2026-07-19T06:55:20.592Z,15,Black,odd,low,2b638e7c-9d42-4466-aedd-06aacc5fc677,
2b638e7c-9d42-4466-aedd-06aacc5fc677:2,2026-07-19T06:55:22.753Z,14,Red,even,low,2b638e7c-9d42-4466-aedd-06aacc5fc677,
2b638e7c-9d42-4466-aedd-06aacc5fc677:3,2026-07-19T06:55:24.780Z,12,Red,even,low,2b638e7c-9d42-4466-aedd-06aacc5fc677,
2b638e7c-9d42-4466-aedd-06aacc5fc677:4,2026-07-19T06:55:26.783Z,14,Red,even,low,2b638e7c-9d42-4466-aedd-06aacc5fc677,
2b638e7c-9d42-4466-aedd-06aacc5fc677:5,2026-07-19T06:56:06.886Z,1,Red,odd,low,2b638e7c-9d42-4466-aedd-06aacc5fc677,
2b638e7c-9d42-4466-aedd-06aacc5fc677:6,2026-07-19T06:56:53.505Z,34,Red,even,high,2b638e7c-9d42-4466-aedd-06aacc5fc677,
2b638e7c-9d42-4466-aedd-06aacc5fc677:7,2026-07-19T06:57:29.373Z,20,Black,even,high,2b638e7c-9d42-4466-aedd-06aacc5fc677,
2b638e7c-9d42-4466-aedd-06aacc5fc677:8,2026-07-19T06:58:08.583Z,25,Red,odd,high,2b638e7c-9d42-4466-aedd-06aacc5fc677,
2b638e7c-9d42-4466-aedd-06aacc5fc677:9,2026-07-19T06:58:47.801Z,30,Red,even,high,2b638e7c-9d42-4466-aedd-06aacc5fc677,
2b638e7c-9d42-4466-aedd-06aacc5fc677:10,2026-07-19T06:59:28.639Z,21,Red,odd,high,2b638e7c-9d42-4466-aedd-06aacc5fc677,
2b638e7c-9d42-4466-aedd-06aacc5fc677:11,2026-07-19T07:00:07.836Z,23,Red,odd,high,2b638e7c-9d42-4466-aedd-06aacc5fc677,
2b638e7c-9d42-4466-aedd-06aacc5fc677:12,2026-07-19T07:00:50.713Z,21,Red,odd,high,2b638e7c-9d42-4466-aedd-06aacc5fc677,
2b638e7c-9d42-4466-aedd-06aacc5fc677:13,2026-07-19T07:01:30.848Z,16,Red,even,low,2b638e7c-9d42-4466-aedd-06aacc5fc677,
2b638e7c-9d42-4466-aedd-06aacc5fc677:14,2026-07-19T07:02:12.449Z,28,Black,even,high,2b638e7c-9d42-4466-aedd-06aacc5fc677,
2b638e7c-9d42-4466-aedd-06aacc5fc677:15,2026-07-19T07:02:52.590Z,23,Red,odd,high,2b638e7c-9d42-4466-aedd-06aacc5fc677,
2b638e7c-9d42-4466-aedd-06aacc5fc677:16,2026-07-19T07:03:33.870Z,8,Black,even,low,2b638e7c-9d42-4466-aedd-06aacc5fc677,
2b638e7c-9d42-4466-aedd-06aacc5fc677:17,2026-07-19T07:04:15.434Z,17,Black,odd,low,2b638e7c-9d42-4466-aedd-06aacc5fc677,
2b638e7c-9d42-4466-aedd-06aacc5fc677:18,2026-07-19T07:04:56.448Z,9,Red,odd,low,2b638e7c-9d42-4466-aedd-06aacc5fc677,
2b638e7c-9d42-4466-aedd-06aacc5fc677:19,2026-07-19T07:05:33.256Z,7,Red,odd,low,2b638e7c-9d42-4466-aedd-06aacc5fc677,
2b638e7c-9d42-4466-aedd-06aacc5fc677:20,2026-07-19T07:06:13.729Z,3,Red,odd,low,2b638e7c-9d42-4466-aedd-06aacc5fc677,
2b638e7c-9d42-4466-aedd-06aacc5fc677:21,2026-07-19T07:06:52.250Z,9,Red,odd,low,2b638e7c-9d42-4466-aedd-06aacc5fc677,
2b638e7c-9d42-4466-aedd-06aacc5fc677:22,2026-07-19T07:07:34.656Z,22,Black,even,high,2b638e7c-9d42-4466-aedd-06aacc5fc677,
2b638e7c-9d42-4466-aedd-06aacc5fc677:23,2026-07-19T07:08:15.232Z,21,Red,odd,high,2b638e7c-9d42-4466-aedd-06aacc5fc677,
2b638e7c-9d42-4466-aedd-06aacc5fc677:24,2026-07-19T07:08:59.640Z,35,Black,odd,high,2b638e7c-9d42-4466-aedd-06aacc5fc677,
2b638e7c-9d42-4466-aedd-06aacc5fc677:25,2026-07-19T07:09:35.581Z,3,Red,odd,low,2b638e7c-9d42-4466-aedd-06aacc5fc677,
2b638e7c-9d42-4466-aedd-06aacc5fc677:26,2026-07-19T07:10:18.622Z,20,Black,even,high,2b638e7c-9d42-4466-aedd-06aacc5fc677,
2b638e7c-9d42-4466-aedd-06aacc5fc677:27,2026-07-19T07:10:59.845Z,10,Black,even,low,2b638e7c-9d42-4466-aedd-06aacc5fc677,
2b638e7c-9d42-4466-aedd-06aacc5fc677:28,2026-07-19T07:11:39.960Z,28,Black,even,high,2b638e7c-9d42-4466-aedd-06aacc5fc677,
2b638e7c-9d42-4466-aedd-06aacc5fc677:29,2026-07-19T07:12:19.244Z,35,Black,odd,high,2b638e7c-9d42-4466-aedd-06aacc5fc677,
2b638e7c-9d42-4466-aedd-06aacc5fc677:30,2026-07-19T07:12:58.292Z,33,Black,odd,high,2b638e7c-9d42-4466-aedd-06aacc5fc677,
2b638e7c-9d42-4466-aedd-06aacc5fc677:31,2026-07-19T07:13:40.117Z,14,Red,even,low,2b638e7c-9d42-4466-aedd-06aacc5fc677,
2b638e7c-9d42-4466-aedd-06aacc5fc677:32,2026-07-19T07:14:14.658Z,22,Black,even,high,2b638e7c-9d42-4466-aedd-06aacc5fc677,
2b638e7c-9d42-4466-aedd-06aacc5fc677:33,2026-07-19T07:14:50.523Z,32,Red,even,high,2b638e7c-9d42-4466-aedd-06aacc5fc677,
2b638e7c-9d42-4466-aedd-06aacc5fc677:34,2026-07-19T07:15:28.203Z,16,Red,even,low,2b638e7c-9d42-4466-aedd-06aacc5fc677,
2b638e7c-9d42-4466-aedd-06aacc5fc677:35,2026-07-19T07:16:01.261Z,35,Black,odd,high,2b638e7c-9d42-4466-aedd-06aacc5fc677,
2b638e7c-9d42-4466-aedd-06aacc5fc677:36,2026-07-19T07:16:35.658Z,1,Red,odd,low,2b638e7c-9d42-4466-aedd-06aacc5fc677,
2b638e7c-9d42-4466-aedd-06aacc5fc677:37,2026-07-19T07:17:08.471Z,5,Red,odd,low,2b638e7c-9d42-4466-aedd-06aacc5fc677,
2b638e7c-9d42-4466-aedd-06aacc5fc677:38,2026-07-19T07:17:45.855Z,33,Black,odd,high,2b638e7c-9d42-4466-aedd-06aacc5fc677,
2b638e7c-9d42-4466-aedd-06aacc5fc677:39,2026-07-19T07:18:22.101Z,7,Red,odd,low,2b638e7c-9d42-4466-aedd-06aacc5fc677,
2b638e7c-9d42-4466-aedd-06aacc5fc677:40,2026-07-19T07:18:59.014Z,8,Black,even,low,2b638e7c-9d42-4466-aedd-06aacc5fc677,
2b638e7c-9d42-4466-aedd-06aacc5fc677:41,2026-07-19T07:19:37.865Z,18,Red,even,low,2b638e7c-9d42-4466-aedd-06aacc5fc677,
2b638e7c-9d42-4466-aedd-06aacc5fc677:42,2026-07-19T07:20:16.405Z,17,Black,odd,low,2b638e7c-9d42-4466-aedd-06aacc5fc677,
2b638e7c-9d42-4466-aedd-06aacc5fc677:43,2026-07-19T07:20:51.992Z,22,Black,even,high,2b638e7c-9d42-4466-aedd-06aacc5fc677,
2b638e7c-9d42-4466-aedd-06aacc5fc677:44,2026-07-19T07:21:26.680Z,11,Black,odd,low,2b638e7c-9d42-4466-aedd-06aacc5fc677,
2b638e7c-9d42-4466-aedd-06aacc5fc677:45,2026-07-19T07:22:02.856Z,24,Black,even,high,2b638e7c-9d42-4466-aedd-06aacc5fc677,
2b638e7c-9d42-4466-aedd-06aacc5fc677:46,2026-07-19T07:22:36.180Z,16,Red,even,low,2b638e7c-9d42-4466-aedd-06aacc5fc677,
2b638e7c-9d42-4466-aedd-06aacc5fc677:47,2026-07-19T07:23:10.787Z,1,Red,odd,low,2b638e7c-9d42-4466-aedd-06aacc5fc677,
2b638e7c-9d42-4466-aedd-06aacc5fc677:48,2026-07-19T07:23:48.446Z,34,Red,even,high,2b638e7c-9d42-4466-aedd-06aacc5fc677,
2b638e7c-9d42-4466-aedd-06aacc5fc677:49,2026-07-19T07:24:24.086Z,14,Red,even,low,2b638e7c-9d42-4466-aedd-06aacc5fc677,
2b638e7c-9d42-4466-aedd-06aacc5fc677:50,2026-07-19T07:25:02.056Z,13,Black,odd,low,2b638e7c-9d42-4466-aedd-06aacc5fc677,
2b638e7c-9d42-4466-aedd-06aacc5fc677:51,2026-07-19T07:25:39.536Z,32,Red,even,high,2b638e7c-9d42-4466-aedd-06aacc5fc677,
2b638e7c-9d42-4466-aedd-06aacc5fc677:52,2026-07-19T07:26:22.899Z,0,Green,Zero,Zero,2b638e7c-9d42-4466-aedd-06aacc5fc677,
2b638e7c-9d42-4466-aedd-06aacc5fc677:53,2026-07-19T07:26:56.436Z,3,Red,odd,low,2b638e7c-9d42-4466-aedd-06aacc5fc677,
7bd8c124-f505-46ff-bc26-780e1e677387:1,2026-07-19T13:47:06.308Z,18,Red,even,low,7bd8c124-f505-46ff-bc26-780e1e677387,
7bd8c124-f505-46ff-bc26-780e1e677387:2,2026-07-19T13:47:07.452Z,2,Black,even,low,7bd8c124-f505-46ff-bc26-780e1e677387,
7bd8c124-f505-46ff-bc26-780e1e677387:3,2026-07-19T13:47:14.681Z,33,Black,odd,high,7bd8c124-f505-46ff-bc26-780e1e677387,
7bd8c124-f505-46ff-bc26-780e1e677387:4,2026-07-19T13:47:55.076Z,22,Black,even,high,7bd8c124-f505-46ff-bc26-780e1e677387,
7bd8c124-f505-46ff-bc26-780e1e677387:5,2026-07-19T13:48:33.060Z,9,Red,odd,low,7bd8c124-f505-46ff-bc26-780e1e677387,
7bd8c124-f505-46ff-bc26-780e1e677387:6,2026-07-19T13:49:12.953Z,8,Black,even,low,7bd8c124-f505-46ff-bc26-780e1e677387,
7bd8c124-f505-46ff-bc26-780e1e677387:7,2026-07-19T13:49:49.720Z,15,Black,odd,low,7bd8c124-f505-46ff-bc26-780e1e677387,
7bd8c124-f505-46ff-bc26-780e1e677387:8,2026-07-19T13:50:27.799Z,8,Black,even,low,7bd8c124-f505-46ff-bc26-780e1e677387,
7bd8c124-f505-46ff-bc26-780e1e677387:9,2026-07-19T13:51:05.004Z,34,Red,even,high,7bd8c124-f505-46ff-bc26-780e1e677387,
7bd8c124-f505-46ff-bc26-780e1e677387:10,2026-07-19T13:51:45.517Z,35,Black,odd,high,7bd8c124-f505-46ff-bc26-780e1e677387,
7bd8c124-f505-46ff-bc26-780e1e677387:11,2026-07-19T13:52:19.262Z,22,Black,even,high,7bd8c124-f505-46ff-bc26-780e1e677387,
7bd8c124-f505-46ff-bc26-780e1e677387:12,2026-07-19T13:52:59.294Z,18,Red,even,low,7bd8c124-f505-46ff-bc26-780e1e677387,
7bd8c124-f505-46ff-bc26-780e1e677387:13,2026-07-19T13:53:36.976Z,24,Black,even,high,7bd8c124-f505-46ff-bc26-780e1e677387,
7bd8c124-f505-46ff-bc26-780e1e677387:14,2026-07-19T13:54:16.363Z,4,Black,even,low,7bd8c124-f505-46ff-bc26-780e1e677387,
7bd8c124-f505-46ff-bc26-780e1e677387:15,2026-07-19T13:55:01.003Z,18,Red,even,low,7bd8c124-f505-46ff-bc26-780e1e677387,
7bd8c124-f505-46ff-bc26-780e1e677387:16,2026-07-19T13:55:34.196Z,36,Red,even,high,7bd8c124-f505-46ff-bc26-780e1e677387,
7bd8c124-f505-46ff-bc26-780e1e677387:17,2026-07-19T13:56:13.056Z,0,Green,Zero,Zero,7bd8c124-f505-46ff-bc26-780e1e677387,
7bd8c124-f505-46ff-bc26-780e1e677387:18,2026-07-19T13:56:51.582Z,8,Black,even,low,7bd8c124-f505-46ff-bc26-780e1e677387,
7bd8c124-f505-46ff-bc26-780e1e677387:19,2026-07-19T13:57:27.008Z,26,Black,even,high,7bd8c124-f505-46ff-bc26-780e1e677387,
7bd8c124-f505-46ff-bc26-780e1e677387:20,2026-07-19T13:58:06.300Z,30,Red,even,high,7bd8c124-f505-46ff-bc26-780e1e677387,
7bd8c124-f505-46ff-bc26-780e1e677387:21,2026-07-19T13:58:48.041Z,19,Red,odd,high,7bd8c124-f505-46ff-bc26-780e1e677387,
7bd8c124-f505-46ff-bc26-780e1e677387:22,2026-07-19T13:59:21.967Z,18,Red,even,low,7bd8c124-f505-46ff-bc26-780e1e677387,
7bd8c124-f505-46ff-bc26-780e1e677387:23,2026-07-19T13:59:56.354Z,6,Black,even,low,7bd8c124-f505-46ff-bc26-780e1e677387,
7bd8c124-f505-46ff-bc26-780e1e677387:24,2026-07-19T14:00:34.960Z,5,Red,odd,low,7bd8c124-f505-46ff-bc26-780e1e677387,
7bd8c124-f505-46ff-bc26-780e1e677387:25,2026-07-19T14:01:13.696Z,36,Red,even,high,7bd8c124-f505-46ff-bc26-780e1e677387,
7bd8c124-f505-46ff-bc26-780e1e677387:26,2026-07-19T14:01:52.668Z,20,Black,even,high,7bd8c124-f505-46ff-bc26-780e1e677387,
7bd8c124-f505-46ff-bc26-780e1e677387:27,2026-07-19T14:02:34.847Z,5,Red,odd,low,7bd8c124-f505-46ff-bc26-780e1e677387,
7bd8c124-f505-46ff-bc26-780e1e677387:28,2026-07-19T14:03:15.979Z,19,Red,odd,high,7bd8c124-f505-46ff-bc26-780e1e677387,
7bd8c124-f505-46ff-bc26-780e1e677387:29,2026-07-19T14:03:49.034Z,5,Red,odd,low,7bd8c124-f505-46ff-bc26-780e1e677387,
7bd8c124-f505-46ff-bc26-780e1e677387:30,2026-07-19T14:04:27.700Z,9,Red,odd,low,7bd8c124-f505-46ff-bc26-780e1e677387,
7bd8c124-f505-46ff-bc26-780e1e677387:31,2026-07-19T14:05:08.067Z,25,Red,odd,high,7bd8c124-f505-46ff-bc26-780e1e677387,
7bd8c124-f505-46ff-bc26-780e1e677387:32,2026-07-19T14:05:46.894Z,0,Green,Zero,Zero,7bd8c124-f505-46ff-bc26-780e1e677387,
7bd8c124-f505-46ff-bc26-780e1e677387:33,2026-07-19T14:06:27.595Z,20,Black,even,high,7bd8c124-f505-46ff-bc26-780e1e677387,
7bd8c124-f505-46ff-bc26-780e1e677387:34,2026-07-19T14:07:08.229Z,30,Red,even,high,7bd8c124-f505-46ff-bc26-780e1e677387,
7bd8c124-f505-46ff-bc26-780e1e677387:35,2026-07-19T14:07:43.895Z,3,Red,odd,low,7bd8c124-f505-46ff-bc26-780e1e677387,
7bd8c124-f505-46ff-bc26-780e1e677387:36,2026-07-19T14:08:25.784Z,12,Red,even,low,7bd8c124-f505-46ff-bc26-780e1e677387,
7bd8c124-f505-46ff-bc26-780e1e677387:37,2026-07-19T14:09:00.621Z,1,Red,odd,low,7bd8c124-f505-46ff-bc26-780e1e677387,
7bd8c124-f505-46ff-bc26-780e1e677387:38,2026-07-19T14:09:41.781Z,31,Black,odd,high,7bd8c124-f505-46ff-bc26-780e1e677387,
7bd8c124-f505-46ff-bc26-780e1e677387:39,2026-07-19T14:10:15.474Z,12,Red,even,low,7bd8c124-f505-46ff-bc26-780e1e677387,
7bd8c124-f505-46ff-bc26-780e1e677387:40,2026-07-19T14:10:57.144Z,22,Black,even,high,7bd8c124-f505-46ff-bc26-780e1e677387,
7bd8c124-f505-46ff-bc26-780e1e677387:41,2026-07-19T14:11:37.769Z,33,Black,odd,high,7bd8c124-f505-46ff-bc26-780e1e677387,
7bd8c124-f505-46ff-bc26-780e1e677387:42,2026-07-19T14:12:21.241Z,35,Black,odd,high,7bd8c124-f505-46ff-bc26-780e1e677387,
7bd8c124-f505-46ff-bc26-780e1e677387:43,2026-07-19T14:13:01.647Z,36,Red,even,high,7bd8c124-f505-46ff-bc26-780e1e677387,
7bd8c124-f505-46ff-bc26-780e1e677387:44,2026-07-19T14:13:45.016Z,33,Black,odd,high,7bd8c124-f505-46ff-bc26-780e1e677387,
7bd8c124-f505-46ff-bc26-780e1e677387:45,2026-07-19T14:14:27.375Z,5,Red,odd,low,7bd8c124-f505-46ff-bc26-780e1e677387,
7bd8c124-f505-46ff-bc26-780e1e677387:46,2026-07-19T14:15:19.729Z,20,Black,even,high,7bd8c124-f505-46ff-bc26-780e1e677387,
7bd8c124-f505-46ff-bc26-780e1e677387:47,2026-07-19T14:15:51.236Z,23,Red,odd,high,7bd8c124-f505-46ff-bc26-780e1e677387,
7bd8c124-f505-46ff-bc26-780e1e677387:48,2026-07-19T14:16:32.416Z,29,Black,odd,high,7bd8c124-f505-46ff-bc26-780e1e677387,
7bd8c124-f505-46ff-bc26-780e1e677387:49,2026-07-19T14:17:14.916Z,33,Black,odd,high,7bd8c124-f505-46ff-bc26-780e1e677387,
7bd8c124-f505-46ff-bc26-780e1e677387:50,2026-07-19T14:17:55.771Z,36,Red,even,high,7bd8c124-f505-46ff-bc26-780e1e677387,
7bd8c124-f505-46ff-bc26-780e1e677387:51,2026-07-19T14:18:42.649Z,2,Black,even,low,7bd8c124-f505-46ff-bc26-780e1e677387,
7bd8c124-f505-46ff-bc26-780e1e677387:52,2026-07-19T14:19:19.124Z,7,Red,odd,low,7bd8c124-f505-46ff-bc26-780e1e677387,
7bd8c124-f505-46ff-bc26-780e1e677387:53,2026-07-19T14:20:00.840Z,24,Black,even,high,7bd8c124-f505-46ff-bc26-780e1e677387,
7bd8c124-f505-46ff-bc26-780e1e677387:54,2026-07-19T14:20:41.655Z,23,Red,odd,high,7bd8c124-f505-46ff-bc26-780e1e677387,
7bd8c124-f505-46ff-bc26-780e1e677387:55,2026-07-19T14:21:22.041Z,3,Red,odd,low,7bd8c124-f505-46ff-bc26-780e1e677387,
7bd8c124-f505-46ff-bc26-780e1e677387:56,2026-07-19T14:22:00.514Z,28,Black,even,high,7bd8c124-f505-46ff-bc26-780e1e677387,
7bd8c124-f505-46ff-bc26-780e1e677387:57,2026-07-19T14:22:41.256Z,15,Black,odd,low,7bd8c124-f505-46ff-bc26-780e1e677387,
7bd8c124-f505-46ff-bc26-780e1e677387:58,2026-07-19T14:23:23.400Z,30,Red,even,high,7bd8c124-f505-46ff-bc26-780e1e677387,
7bd8c124-f505-46ff-bc26-780e1e677387:59,2026-07-19T14:24:05.726Z,1,Red,odd,low,7bd8c124-f505-46ff-bc26-780e1e677387,
7bd8c124-f505-46ff-bc26-780e1e677387:60,2026-07-19T14:24:50.210Z,6,Black,even,low,7bd8c124-f505-46ff-bc26-780e1e677387,
7bd8c124-f505-46ff-bc26-780e1e677387:61,2026-07-19T14:25:36.202Z,15,Black,odd,low,7bd8c124-f505-46ff-bc26-780e1e677387,
7bd8c124-f505-46ff-bc26-780e1e677387:62,2026-07-19T14:26:14.098Z,15,Black,odd,low,7bd8c124-f505-46ff-bc26-780e1e677387,
7bd8c124-f505-46ff-bc26-780e1e677387:63,2026-07-19T14:26:56.312Z,23,Red,odd,high,7bd8c124-f505-46ff-bc26-780e1e677387,
7bd8c124-f505-46ff-bc26-780e1e677387:64,2026-07-19T14:27:36.743Z,17,Black,odd,low,7bd8c124-f505-46ff-bc26-780e1e677387,
7bd8c124-f505-46ff-bc26-780e1e677387:65,2026-07-19T14:28:18.562Z,14,Red,even,low,7bd8c124-f505-46ff-bc26-780e1e677387,
7bd8c124-f505-46ff-bc26-780e1e677387:66,2026-07-19T14:29:02.693Z,25,Red,odd,high,7bd8c124-f505-46ff-bc26-780e1e677387,
7bd8c124-f505-46ff-bc26-780e1e677387:67,2026-07-19T14:29:46.176Z,3,Red,odd,low,7bd8c124-f505-46ff-bc26-780e1e677387,
7bd8c124-f505-46ff-bc26-780e1e677387:68,2026-07-19T14:30:27.761Z,28,Black,even,high,7bd8c124-f505-46ff-bc26-780e1e677387,
7bd8c124-f505-46ff-bc26-780e1e677387:69,2026-07-19T14:31:07.484Z,7,Red,odd,low,7bd8c124-f505-46ff-bc26-780e1e677387,
7bd8c124-f505-46ff-bc26-780e1e677387:70,2026-07-19T14:31:50.550Z,2,Black,even,low,7bd8c124-f505-46ff-bc26-780e1e677387,
7bd8c124-f505-46ff-bc26-780e1e677387:71,2026-07-19T14:32:36.497Z,26,Black,even,high,7bd8c124-f505-46ff-bc26-780e1e677387,
7bd8c124-f505-46ff-bc26-780e1e677387:72,2026-07-19T14:33:15.565Z,9,Red,odd,low,7bd8c124-f505-46ff-bc26-780e1e677387,
7bd8c124-f505-46ff-bc26-780e1e677387:73,2026-07-19T14:33:58.674Z,4,Black,even,low,7bd8c124-f505-46ff-bc26-780e1e677387,
7bd8c124-f505-46ff-bc26-780e1e677387:74,2026-07-19T14:34:43.233Z,21,Red,odd,high,7bd8c124-f505-46ff-bc26-780e1e677387,
7bd8c124-f505-46ff-bc26-780e1e677387:75,2026-07-19T14:35:22.065Z,9,Red,odd,low,7bd8c124-f505-46ff-bc26-780e1e677387,
7bd8c124-f505-46ff-bc26-780e1e677387:76,2026-07-19T14:36:04.896Z,16,Red,even,low,7bd8c124-f505-46ff-bc26-780e1e677387,
7bd8c124-f505-46ff-bc26-780e1e677387:77,2026-07-19T14:36:46.807Z,4,Black,even,low,7bd8c124-f505-46ff-bc26-780e1e677387,
7bd8c124-f505-46ff-bc26-780e1e677387:78,2026-07-19T14:37:30.843Z,18,Red,even,low,7bd8c124-f505-46ff-bc26-780e1e677387,
7bd8c124-f505-46ff-bc26-780e1e677387:79,2026-07-19T14:38:14.218Z,16,Red,even,low,7bd8c124-f505-46ff-bc26-780e1e677387,
7bd8c124-f505-46ff-bc26-780e1e677387:80,2026-07-19T14:38:54.408Z,14,Red,even,low,7bd8c124-f505-46ff-bc26-780e1e677387,
7bd8c124-f505-46ff-bc26-780e1e677387:81,2026-07-19T14:39:36.669Z,22,Black,even,high,7bd8c124-f505-46ff-bc26-780e1e677387,
7bd8c124-f505-46ff-bc26-780e1e677387:82,2026-07-19T14:40:26.347Z,18,Red,even,low,7bd8c124-f505-46ff-bc26-780e1e677387,
7bd8c124-f505-46ff-bc26-780e1e677387:83,2026-07-19T14:41:02.968Z,28,Black,even,high,7bd8c124-f505-46ff-bc26-780e1e677387,
7bd8c124-f505-46ff-bc26-780e1e677387:84,2026-07-19T14:41:44.707Z,27,Red,odd,high,7bd8c124-f505-46ff-bc26-780e1e677387,
7bd8c124-f505-46ff-bc26-780e1e677387:85,2026-07-19T14:42:23.025Z,21,Red,odd,high,7bd8c124-f505-46ff-bc26-780e1e677387,
7bd8c124-f505-46ff-bc26-780e1e677387:86,2026-07-19T14:42:59.659Z,24,Black,even,high,7bd8c124-f505-46ff-bc26-780e1e677387,
7bd8c124-f505-46ff-bc26-780e1e677387:87,2026-07-19T14:43:39.608Z,2,Black,even,low,7bd8c124-f505-46ff-bc26-780e1e677387,
7bd8c124-f505-46ff-bc26-780e1e677387:88,2026-07-19T14:44:18.096Z,9,Red,odd,low,7bd8c124-f505-46ff-bc26-780e1e677387,
7bd8c124-f505-46ff-bc26-780e1e677387:89,2026-07-19T14:44:57.461Z,3,Red,odd,low,7bd8c124-f505-46ff-bc26-780e1e677387,
7bd8c124-f505-46ff-bc26-780e1e677387:90,2026-07-19T14:45:36.233Z,32,Red,even,high,7bd8c124-f505-46ff-bc26-780e1e677387,
7bd8c124-f505-46ff-bc26-780e1e677387:91,2026-07-19T14:46:13.593Z,7,Red,odd,low,7bd8c124-f505-46ff-bc26-780e1e677387,
7bd8c124-f505-46ff-bc26-780e1e677387:92,2026-07-19T14:46:52.317Z,19,Red,odd,high,7bd8c124-f505-46ff-bc26-780e1e677387,
7bd8c124-f505-46ff-bc26-780e1e677387:93,2026-07-19T14:47:31.115Z,32,Red,even,high,7bd8c124-f505-46ff-bc26-780e1e677387,
7bd8c124-f505-46ff-bc26-780e1e677387:94,2026-07-19T14:48:07.811Z,14,Red,even,low,7bd8c124-f505-46ff-bc26-780e1e677387,
7bd8c124-f505-46ff-bc26-780e1e677387:95,2026-07-19T14:48:46.691Z,17,Black,odd,low,7bd8c124-f505-46ff-bc26-780e1e677387,
7bd8c124-f505-46ff-bc26-780e1e677387:96,2026-07-19T14:49:23.586Z,28,Black,even,high,7bd8c124-f505-46ff-bc26-780e1e677387,
7bd8c124-f505-46ff-bc26-780e1e677387:97,2026-07-19T14:50:01.839Z,7,Red,odd,low,7bd8c124-f505-46ff-bc26-780e1e677387,
7bd8c124-f505-46ff-bc26-780e1e677387:98,2026-07-19T14:50:41.407Z,2,Black,even,low,7bd8c124-f505-46ff-bc26-780e1e677387,
7bd8c124-f505-46ff-bc26-780e1e677387:99,2026-07-19T14:51:24.170Z,21,Red,odd,high,7bd8c124-f505-46ff-bc26-780e1e677387,
7bd8c124-f505-46ff-bc26-780e1e677387:99,2026-07-19T14:52:09.532Z,20,Black,even,high,7bd8c124-f505-46ff-bc26-780e1e677387,
f51c4cef-5c70-4782-8358-198aa08178df:1,2026-07-19T13:47:06.308Z,18,Red,even,low,f51c4cef-5c70-4782-8358-198aa08178df,
f51c4cef-5c70-4782-8358-198aa08178df:2,2026-07-19T13:47:07.452Z,2,Black,even,low,f51c4cef-5c70-4782-8358-198aa08178df,
f51c4cef-5c70-4782-8358-198aa08178df:3,2026-07-19T13:47:14.681Z,33,Black,odd,high,f51c4cef-5c70-4782-8358-198aa08178df,
f51c4cef-5c70-4782-8358-198aa08178df:4,2026-07-19T13:47:55.076Z,22,Black,even,high,f51c4cef-5c70-4782-8358-198aa08178df,
f51c4cef-5c70-4782-8358-198aa08178df:5,2026-07-19T13:48:33.060Z,9,Red,odd,low,f51c4cef-5c70-4782-8358-198aa08178df,
f51c4cef-5c70-4782-8358-198aa08178df:6,2026-07-19T13:49:12.953Z,8,Black,even,low,f51c4cef-5c70-4782-8358-198aa08178df,
f51c4cef-5c70-4782-8358-198aa08178df:7,2026-07-19T13:49:49.720Z,15,Black,odd,low,f51c4cef-5c70-4782-8358-198aa08178df,
f51c4cef-5c70-4782-8358-198aa08178df:8,2026-07-19T13:50:27.799Z,8,Black,even,low,f51c4cef-5c70-4782-8358-198aa08178df,
f51c4cef-5c70-4782-8358-198aa08178df:9,2026-07-19T13:51:05.004Z,34,Red,even,high,f51c4cef-5c70-4782-8358-198aa08178df,
f51c4cef-5c70-4782-8358-198aa08178df:10,2026-07-19T13:51:45.517Z,35,Black,odd,high,f51c4cef-5c70-4782-8358-198aa08178df,
f51c4cef-5c70-4782-8358-198aa08178df:11,2026-07-19T13:52:19.262Z,22,Black,even,high,f51c4cef-5c70-4782-8358-198aa08178df,
f51c4cef-5c70-4782-8358-198aa08178df:12,2026-07-19T13:52:59.294Z,18,Red,even,low,f51c4cef-5c70-4782-8358-198aa08178df,
f51c4cef-5c70-4782-8358-198aa08178df:13,2026-07-19T13:53:36.976Z,24,Black,even,high,f51c4cef-5c70-4782-8358-198aa08178df,
f51c4cef-5c70-4782-8358-198aa08178df:14,2026-07-19T13:54:16.363Z,4,Black,even,low,f51c4cef-5c70-4782-8358-198aa08178df,
f51c4cef-5c70-4782-8358-198aa08178df:15,2026-07-19T13:55:01.003Z,18,Red,even,low,f51c4cef-5c70-4782-8358-198aa08178df,
f51c4cef-5c70-4782-8358-198aa08178df:16,2026-07-19T13:55:34.196Z,36,Red,even,high,f51c4cef-5c70-4782-8358-198aa08178df,
f51c4cef-5c70-4782-8358-198aa08178df:17,2026-07-19T13:56:13.056Z,0,Green,Zero,Zero,f51c4cef-5c70-4782-8358-198aa08178df,
f51c4cef-5c70-4782-8358-198aa08178df:18,2026-07-19T13:56:51.582Z,8,Black,even,low,f51c4cef-5c70-4782-8358-198aa08178df,
f51c4cef-5c70-4782-8358-198aa08178df:19,2026-07-19T13:57:27.008Z,26,Black,even,high,f51c4cef-5c70-4782-8358-198aa08178df,
f51c4cef-5c70-4782-8358-198aa08178df:20,2026-07-19T13:58:06.300Z,30,Red,even,high,f51c4cef-5c70-4782-8358-198aa08178df,
f51c4cef-5c70-4782-8358-198aa08178df:21,2026-07-19T13:58:48.041Z,19,Red,odd,high,f51c4cef-5c70-4782-8358-198aa08178df,
f51c4cef-5c70-4782-8358-198aa08178df:22,2026-07-19T13:59:21.967Z,18,Red,even,low,f51c4cef-5c70-4782-8358-198aa08178df,
f51c4cef-5c70-4782-8358-198aa08178df:23,2026-07-19T13:59:56.354Z,6,Black,even,low,f51c4cef-5c70-4782-8358-198aa08178df,
f51c4cef-5c70-4782-8358-198aa08178df:24,2026-07-19T14:00:34.960Z,5,Red,odd,low,f51c4cef-5c70-4782-8358-198aa08178df,
f51c4cef-5c70-4782-8358-198aa08178df:25,2026-07-19T14:01:13.696Z,36,Red,even,high,f51c4cef-5c70-4782-8358-198aa08178df,
f51c4cef-5c70-4782-8358-198aa08178df:26,2026-07-19T14:01:52.668Z,20,Black,even,high,f51c4cef-5c70-4782-8358-198aa08178df,
f51c4cef-5c70-4782-8358-198aa08178df:27,2026-07-19T14:02:34.847Z,5,Red,odd,low,f51c4cef-5c70-4782-8358-198aa08178df,
f51c4cef-5c70-4782-8358-198aa08178df:28,2026-07-19T14:03:15.979Z,19,Red,odd,high,f51c4cef-5c70-4782-8358-198aa08178df,
f51c4cef-5c70-4782-8358-198aa08178df:29,2026-07-19T14:03:49.034Z,5,Red,odd,low,f51c4cef-5c70-4782-8358-198aa08178df,
f51c4cef-5c70-4782-8358-198aa08178df:30,2026-07-19T14:04:27.700Z,9,Red,odd,low,f51c4cef-5c70-4782-8358-198aa08178df,
f51c4cef-5c70-4782-8358-198aa08178df:31,2026-07-19T14:05:08.067Z,25,Red,odd,high,f51c4cef-5c70-4782-8358-198aa08178df,
f51c4cef-5c70-4782-8358-198aa08178df:32,2026-07-19T14:05:46.894Z,0,Green,Zero,Zero,f51c4cef-5c70-4782-8358-198aa08178df,
f51c4cef-5c70-4782-8358-198aa08178df:33,2026-07-19T14:06:27.595Z,20,Black,even,high,f51c4cef-5c70-4782-8358-198aa08178df,
f51c4cef-5c70-4782-8358-198aa08178df:34,2026-07-19T14:07:08.229Z,30,Red,even,high,f51c4cef-5c70-4782-8358-198aa08178df,
f51c4cef-5c70-4782-8358-198aa08178df:35,2026-07-19T14:07:43.895Z,3,Red,odd,low,f51c4cef-5c70-4782-8358-198aa08178df,
f51c4cef-5c70-4782-8358-198aa08178df:36,2026-07-19T14:08:25.784Z,12,Red,even,low,f51c4cef-5c70-4782-8358-198aa08178df,
f51c4cef-5c70-4782-8358-198aa08178df:37,2026-07-19T14:09:00.621Z,1,Red,odd,low,f51c4cef-5c70-4782-8358-198aa08178df,
f51c4cef-5c70-4782-8358-198aa08178df:38,2026-07-19T14:09:41.781Z,31,Black,odd,high,f51c4cef-5c70-4782-8358-198aa08178df,
f51c4cef-5c70-4782-8358-198aa08178df:39,2026-07-19T14:10:15.474Z,12,Red,even,low,f51c4cef-5c70-4782-8358-198aa08178df,
f51c4cef-5c70-4782-8358-198aa08178df:40,2026-07-19T14:10:57.144Z,22,Black,even,high,f51c4cef-5c70-4782-8358-198aa08178df,
f51c4cef-5c70-4782-8358-198aa08178df:41,2026-07-19T14:11:37.769Z,33,Black,odd,high,f51c4cef-5c70-4782-8358-198aa08178df,
f51c4cef-5c70-4782-8358-198aa08178df:42,2026-07-19T14:12:21.241Z,35,Black,odd,high,f51c4cef-5c70-4782-8358-198aa08178df,
f51c4cef-5c70-4782-8358-198aa08178df:43,2026-07-19T14:13:01.647Z,36,Red,even,high,f51c4cef-5c70-4782-8358-198aa08178df,
f51c4cef-5c70-4782-8358-198aa08178df:44,2026-07-19T14:13:45.016Z,33,Black,odd,high,f51c4cef-5c70-4782-8358-198aa08178df,
f51c4cef-5c70-4782-8358-198aa08178df:45,2026-07-19T14:14:27.375Z,5,Red,odd,low,f51c4cef-5c70-4782-8358-198aa08178df,
f51c4cef-5c70-4782-8358-198aa08178df:46,2026-07-19T14:15:19.729Z,20,Black,even,high,f51c4cef-5c70-4782-8358-198aa08178df,
f51c4cef-5c70-4782-8358-198aa08178df:47,2026-07-19T14:15:51.236Z,23,Red,odd,high,f51c4cef-5c70-4782-8358-198aa08178df,
f51c4cef-5c70-4782-8358-198aa08178df:48,2026-07-19T14:16:32.416Z,29,Black,odd,high,f51c4cef-5c70-4782-8358-198aa08178df,
f51c4cef-5c70-4782-8358-198aa08178df:49,2026-07-19T14:17:14.916Z,33,Black,odd,high,f51c4cef-5c70-4782-8358-198aa08178df,
f51c4cef-5c70-4782-8358-198aa08178df:50,2026-07-19T14:17:55.771Z,36,Red,even,high,f51c4cef-5c70-4782-8358-198aa08178df,
f51c4cef-5c70-4782-8358-198aa08178df:51,2026-07-19T14:18:42.649Z,2,Black,even,low,f51c4cef-5c70-4782-8358-198aa08178df,
f51c4cef-5c70-4782-8358-198aa08178df:52,2026-07-19T14:19:19.124Z,7,Red,odd,low,f51c4cef-5c70-4782-8358-198aa08178df,
f51c4cef-5c70-4782-8358-198aa08178df:53,2026-07-19T14:20:00.840Z,24,Black,even,high,f51c4cef-5c70-4782-8358-198aa08178df,
f51c4cef-5c70-4782-8358-198aa08178df:54,2026-07-19T14:20:41.655Z,23,Red,odd,high,f51c4cef-5c70-4782-8358-198aa08178df,
f51c4cef-5c70-4782-8358-198aa08178df:55,2026-07-19T14:21:22.041Z,3,Red,odd,low,f51c4cef-5c70-4782-8358-198aa08178df,
f51c4cef-5c70-4782-8358-198aa08178df:56,2026-07-19T14:22:00.514Z,28,Black,even,high,f51c4cef-5c70-4782-8358-198aa08178df,
f51c4cef-5c70-4782-8358-198aa08178df:57,2026-07-19T14:22:41.256Z,15,Black,odd,low,f51c4cef-5c70-4782-8358-198aa08178df,
f51c4cef-5c70-4782-8358-198aa08178df:58,2026-07-19T14:23:23.400Z,30,Red,even,high,f51c4cef-5c70-4782-8358-198aa08178df,
f51c4cef-5c70-4782-8358-198aa08178df:59,2026-07-19T14:24:05.726Z,1,Red,odd,low,f51c4cef-5c70-4782-8358-198aa08178df,
f51c4cef-5c70-4782-8358-198aa08178df:60,2026-07-19T14:24:50.210Z,6,Black,even,low,f51c4cef-5c70-4782-8358-198aa08178df,
f51c4cef-5c70-4782-8358-198aa08178df:61,2026-07-19T14:25:36.202Z,15,Black,odd,low,f51c4cef-5c70-4782-8358-198aa08178df,
f51c4cef-5c70-4782-8358-198aa08178df:62,2026-07-19T14:26:14.098Z,15,Black,odd,low,f51c4cef-5c70-4782-8358-198aa08178df,
f51c4cef-5c70-4782-8358-198aa08178df:63,2026-07-19T14:26:56.312Z,23,Red,odd,high,f51c4cef-5c70-4782-8358-198aa08178df,
f51c4cef-5c70-4782-8358-198aa08178df:64,2026-07-19T14:27:36.743Z,17,Black,odd,low,f51c4cef-5c70-4782-8358-198aa08178df,
f51c4cef-5c70-4782-8358-198aa08178df:65,2026-07-19T14:28:18.562Z,14,Red,even,low,f51c4cef-5c70-4782-8358-198aa08178df,
f51c4cef-5c70-4782-8358-198aa08178df:66,2026-07-19T14:29:02.693Z,25,Red,odd,high,f51c4cef-5c70-4782-8358-198aa08178df,
f51c4cef-5c70-4782-8358-198aa08178df:67,2026-07-19T14:29:46.176Z,3,Red,odd,low,f51c4cef-5c70-4782-8358-198aa08178df,
f51c4cef-5c70-4782-8358-198aa08178df:68,2026-07-19T14:30:27.761Z,28,Black,even,high,f51c4cef-5c70-4782-8358-198aa08178df,
f51c4cef-5c70-4782-8358-198aa08178df:69,2026-07-19T14:31:07.484Z,7,Red,odd,low,f51c4cef-5c70-4782-8358-198aa08178df,
f51c4cef-5c70-4782-8358-198aa08178df:70,2026-07-19T14:31:50.550Z,2,Black,even,low,f51c4cef-5c70-4782-8358-198aa08178df,
f51c4cef-5c70-4782-8358-198aa08178df:71,2026-07-19T14:32:36.497Z,26,Black,even,high,f51c4cef-5c70-4782-8358-198aa08178df,
f51c4cef-5c70-4782-8358-198aa08178df:72,2026-07-19T14:33:15.565Z,9,Red,odd,low,f51c4cef-5c70-4782-8358-198aa08178df,
f51c4cef-5c70-4782-8358-198aa08178df:73,2026-07-19T14:33:58.674Z,4,Black,even,low,f51c4cef-5c70-4782-8358-198aa08178df,
f51c4cef-5c70-4782-8358-198aa08178df:74,2026-07-19T14:34:43.233Z,21,Red,odd,high,f51c4cef-5c70-4782-8358-198aa08178df,
f51c4cef-5c70-4782-8358-198aa08178df:75,2026-07-19T14:35:22.065Z,9,Red,odd,low,f51c4cef-5c70-4782-8358-198aa08178df,
f51c4cef-5c70-4782-8358-198aa08178df:76,2026-07-19T14:36:04.896Z,16,Red,even,low,f51c4cef-5c70-4782-8358-198aa08178df,
f51c4cef-5c70-4782-8358-198aa08178df:77,2026-07-19T14:36:46.807Z,4,Black,even,low,f51c4cef-5c70-4782-8358-198aa08178df,
f51c4cef-5c70-4782-8358-198aa08178df:78,2026-07-19T14:37:30.843Z,18,Red,even,low,f51c4cef-5c70-4782-8358-198aa08178df,
f51c4cef-5c70-4782-8358-198aa08178df:79,2026-07-19T14:38:14.218Z,16,Red,even,low,f51c4cef-5c70-4782-8358-198aa08178df,
f51c4cef-5c70-4782-8358-198aa08178df:80,2026-07-19T14:38:54.408Z,14,Red,even,low,f51c4cef-5c70-4782-8358-198aa08178df,
f51c4cef-5c70-4782-8358-198aa08178df:81,2026-07-19T14:39:36.669Z,22,Black,even,high,f51c4cef-5c70-4782-8358-198aa08178df,
f51c4cef-5c70-4782-8358-198aa08178df:82,2026-07-19T14:40:26.347Z,18,Red,even,low,f51c4cef-5c70-4782-8358-198aa08178df,
f51c4cef-5c70-4782-8358-198aa08178df:83,2026-07-19T14:41:02.968Z,28,Black,even,high,f51c4cef-5c70-4782-8358-198aa08178df,
f51c4cef-5c70-4782-8358-198aa08178df:84,2026-07-19T14:41:44.707Z,27,Red,odd,high,f51c4cef-5c70-4782-8358-198aa08178df,
f51c4cef-5c70-4782-8358-198aa08178df:85,2026-07-19T14:42:23.025Z,21,Red,odd,high,f51c4cef-5c70-4782-8358-198aa08178df,
f51c4cef-5c70-4782-8358-198aa08178df:86,2026-07-19T14:42:59.659Z,24,Black,even,high,f51c4cef-5c70-4782-8358-198aa08178df,
f51c4cef-5c70-4782-8358-198aa08178df:87,2026-07-19T14:43:39.608Z,2,Black,even,low,f51c4cef-5c70-4782-8358-198aa08178df,
f51c4cef-5c70-4782-8358-198aa08178df:88,2026-07-19T14:44:18.096Z,9,Red,odd,low,f51c4cef-5c70-4782-8358-198aa08178df,
f51c4cef-5c70-4782-8358-198aa08178df:89,2026-07-19T14:44:57.461Z,3,Red,odd,low,f51c4cef-5c70-4782-8358-198aa08178df,
f51c4cef-5c70-4782-8358-198aa08178df:90,2026-07-19T14:45:36.233Z,32,Red,even,high,f51c4cef-5c70-4782-8358-198aa08178df,
f51c4cef-5c70-4782-8358-198aa08178df:91,2026-07-19T14:46:13.593Z,7,Red,odd,low,f51c4cef-5c70-4782-8358-198aa08178df,
f51c4cef-5c70-4782-8358-198aa08178df:92,2026-07-19T14:46:52.317Z,19,Red,odd,high,f51c4cef-5c70-4782-8358-198aa08178df,
f51c4cef-5c70-4782-8358-198aa08178df:93,2026-07-19T14:47:31.115Z,32,Red,even,high,f51c4cef-5c70-4782-8358-198aa08178df,
f51c4cef-5c70-4782-8358-198aa08178df:94,2026-07-19T14:48:07.811Z,14,Red,even,low,f51c4cef-5c70-4782-8358-198aa08178df,
f51c4cef-5c70-4782-8358-198aa08178df:95,2026-07-19T14:48:46.691Z,17,Black,odd,low,f51c4cef-5c70-4782-8358-198aa08178df,
f51c4cef-5c70-4782-8358-198aa08178df:96,2026-07-19T14:49:23.586Z,28,Black,even,high,f51c4cef-5c70-4782-8358-198aa08178df,
f51c4cef-5c70-4782-8358-198aa08178df:97,2026-07-19T14:50:01.839Z,7,Red,odd,low,f51c4cef-5c70-4782-8358-198aa08178df,
f51c4cef-5c70-4782-8358-198aa08178df:98,2026-07-19T14:50:41.407Z,2,Black,even,low,f51c4cef-5c70-4782-8358-198aa08178df,
f51c4cef-5c70-4782-8358-198aa08178df:99,2026-07-19T14:52:37.149Z,21,Red,odd,high,f51c4cef-5c70-4782-8358-198aa08178df,
f51c4cef-5c70-4782-8358-198aa08178df:100,2026-07-19T14:52:40.790Z,20,Black,even,high,f51c4cef-5c70-4782-8358-198aa08178df,
f51c4cef-5c70-4782-8358-198aa08178df:101,2026-07-19T14:52:45.758Z,23,Red,odd,high,f51c4cef-5c70-4782-8358-198aa08178df,
f51c4cef-5c70-4782-8358-198aa08178df:102,2026-07-19T14:53:13.455Z,26,Black,even,high,f51c4cef-5c70-4782-8358-198aa08178df,
f51c4cef-5c70-4782-8358-198aa08178df:103,2026-07-19T14:53:52.007Z,15,Black,odd,low,f51c4cef-5c70-4782-8358-198aa08178df,
f51c4cef-5c70-4782-8358-198aa08178df:104,2026-07-19T14:54:29.940Z,11,Black,odd,low,f51c4cef-5c70-4782-8358-198aa08178df,
f51c4cef-5c70-4782-8358-198aa08178df:105,2026-07-19T14:55:06.709Z,22,Black,even,high,f51c4cef-5c70-4782-8358-198aa08178df,
f51c4cef-5c70-4782-8358-198aa08178df:106,2026-07-19T14:55:47.604Z,24,Black,even,high,f51c4cef-5c70-4782-8358-198aa08178df,
f51c4cef-5c70-4782-8358-198aa08178df:107,2026-07-19T14:56:20.694Z,28,Black,even,high,f51c4cef-5c70-4782-8358-198aa08178df,
f51c4cef-5c70-4782-8358-198aa08178df:108,2026-07-19T14:56:57.534Z,2,Black,even,low,f51c4cef-5c70-4782-8358-198aa08178df,
f51c4cef-5c70-4782-8358-198aa08178df:109,2026-07-19T14:57:38.347Z,14,Red,even,low,f51c4cef-5c70-4782-8358-198aa08178df,
f51c4cef-5c70-4782-8358-198aa08178df:110,2026-07-19T14:58:27.931Z,9,Red,odd,low,f51c4cef-5c70-4782-8358-198aa08178df,
f51c4cef-5c70-4782-8358-198aa08178df:111,2026-07-19T14:58:53.052Z,8,Black,even,low,f51c4cef-5c70-4782-8358-198aa08178df,
f51c4cef-5c70-4782-8358-198aa08178df:112,2026-07-19T14:59:33.282Z,34,Red,even,high,f51c4cef-5c70-4782-8358-198aa08178df,
f51c4cef-5c70-4782-8358-198aa08178df:113,2026-07-19T15:00:11.094Z,27,Red,odd,high,f51c4cef-5c70-4782-8358-198aa08178df,
f51c4cef-5c70-4782-8358-198aa08178df:114,2026-07-19T15:00:51.004Z,31,Black,odd,high,f51c4cef-5c70-4782-8358-198aa08178df,
f51c4cef-5c70-4782-8358-198aa08178df:115,2026-07-19T15:01:28.682Z,10,Black,even,low,f51c4cef-5c70-4782-8358-198aa08178df,
f51c4cef-5c70-4782-8358-198aa08178df:116,2026-07-19T15:02:08.953Z,17,Black,odd,low,f51c4cef-5c70-4782-8358-198aa08178df,
f51c4cef-5c70-4782-8358-198aa08178df:117,2026-07-19T15:02:51.613Z,26,Black,even,high,f51c4cef-5c70-4782-8358-198aa08178df,
f51c4cef-5c70-4782-8358-198aa08178df:118,2026-07-19T15:03:27.726Z,32,Red,even,high,f51c4cef-5c70-4782-8358-198aa08178df,
f51c4cef-5c70-4782-8358-198aa08178df:119,2026-07-19T15:04:09.280Z,3,Red,odd,low,f51c4cef-5c70-4782-8358-198aa08178df,
f51c4cef-5c70-4782-8358-198aa08178df:120,2026-07-19T15:04:42.253Z,23,Red,odd,high,f51c4cef-5c70-4782-8358-198aa08178df,
f51c4cef-5c70-4782-8358-198aa08178df:121,2026-07-19T15:05:21.038Z,29,Black,odd,high,f51c4cef-5c70-4782-8358-198aa08178df,
f51c4cef-5c70-4782-8358-198aa08178df:122,2026-07-19T15:06:01.016Z,13,Black,odd,low,f51c4cef-5c70-4782-8358-198aa08178df,
f51c4cef-5c70-4782-8358-198aa08178df:123,2026-07-19T15:06:39.445Z,9,Red,odd,low,f51c4cef-5c70-4782-8358-198aa08178df,
f51c4cef-5c70-4782-8358-198aa08178df:124,2026-07-19T15:07:18.531Z,14,Red,even,low,f51c4cef-5c70-4782-8358-198aa08178df,
f51c4cef-5c70-4782-8358-198aa08178df:125,2026-07-19T15:07:56.622Z,1,Red,odd,low,f51c4cef-5c70-4782-8358-198aa08178df,
f51c4cef-5c70-4782-8358-198aa08178df:126,2026-07-19T15:08:40.067Z,35,Black,odd,high,f51c4cef-5c70-4782-8358-198aa08178df,
f51c4cef-5c70-4782-8358-198aa08178df:127,2026-07-19T15:09:17.263Z,23,Red,odd,high,f51c4cef-5c70-4782-8358-198aa08178df,
f51c4cef-5c70-4782-8358-198aa08178df:128,2026-07-19T15:09:55.155Z,30,Red,even,high,f51c4cef-5c70-4782-8358-198aa08178df,
f51c4cef-5c70-4782-8358-198aa08178df:129,2026-07-19T15:10:29.048Z,36,Red,even,high,f51c4cef-5c70-4782-8358-198aa08178df,
f51c4cef-5c70-4782-8358-198aa08178df:130,2026-07-19T15:11:10.990Z,5,Red,odd,low,f51c4cef-5c70-4782-8358-198aa08178df,
f51c4cef-5c70-4782-8358-198aa08178df:131,2026-07-19T15:11:54.965Z,31,Black,odd,high,f51c4cef-5c70-4782-8358-198aa08178df,
f51c4cef-5c70-4782-8358-198aa08178df:132,2026-07-19T15:12:35.546Z,36,Red,even,high,f51c4cef-5c70-4782-8358-198aa08178df,
f51c4cef-5c70-4782-8358-198aa08178df:133,2026-07-19T15:13:19.780Z,33,Black,odd,high,f51c4cef-5c70-4782-8358-198aa08178df,
f51c4cef-5c70-4782-8358-198aa08178df:134,2026-07-19T15:13:58.023Z,15,Black,odd,low,f51c4cef-5c70-4782-8358-198aa08178df,
f51c4cef-5c70-4782-8358-198aa08178df:135,2026-07-19T15:14:40.426Z,13,Black,odd,low,f51c4cef-5c70-4782-8358-198aa08178df,
f51c4cef-5c70-4782-8358-198aa08178df:136,2026-07-19T15:15:20.220Z,9,Red,odd,low,f51c4cef-5c70-4782-8358-198aa08178df,
f51c4cef-5c70-4782-8358-198aa08178df:137,2026-07-19T15:16:10.269Z,4,Black,even,low,f51c4cef-5c70-4782-8358-198aa08178df,
f51c4cef-5c70-4782-8358-198aa08178df:138,2026-07-19T15:16:45.939Z,34,Red,even,high,f51c4cef-5c70-4782-8358-198aa08178df,
f51c4cef-5c70-4782-8358-198aa08178df:139,2026-07-19T15:17:26.842Z,5,Red,odd,low,f51c4cef-5c70-4782-8358-198aa08178df,
f51c4cef-5c70-4782-8358-198aa08178df:140,2026-07-19T15:18:05.456Z,29,Black,odd,high,f51c4cef-5c70-4782-8358-198aa08178df,
f51c4cef-5c70-4782-8358-198aa08178df:141,2026-07-19T15:18:46.569Z,8,Black,even,low,f51c4cef-5c70-4782-8358-198aa08178df,
f51c4cef-5c70-4782-8358-198aa08178df:142,2026-07-19T15:19:27.867Z,21,Red,odd,high,f51c4cef-5c70-4782-8358-198aa08178df,
f51c4cef-5c70-4782-8358-198aa08178df:143,2026-07-19T15:20:05.291Z,8,Black,even,low,f51c4cef-5c70-4782-8358-198aa08178df,
f51c4cef-5c70-4782-8358-198aa08178df:144,2026-07-19T15:20:45.167Z,12,Red,even,low,f51c4cef-5c70-4782-8358-198aa08178df,
f51c4cef-5c70-4782-8358-198aa08178df:145,2026-07-19T15:21:25.060Z,3,Red,odd,low,f51c4cef-5c70-4782-8358-198aa08178df,
f51c4cef-5c70-4782-8358-198aa08178df:146,2026-07-19T15:22:16.869Z,16,Red,even,low,f51c4cef-5c70-4782-8358-198aa08178df,
f51c4cef-5c70-4782-8358-198aa08178df:147,2026-07-19T15:22:53.198Z,4,Black,even,low,f51c4cef-5c70-4782-8358-198aa08178df,
f51c4cef-5c70-4782-8358-198aa08178df:148,2026-07-19T15:23:36.327Z,27,Red,odd,high,f51c4cef-5c70-4782-8358-198aa08178df,
f51c4cef-5c70-4782-8358-198aa08178df:149,2026-07-19T15:24:17.676Z,35,Black,odd,high,f51c4cef-5c70-4782-8358-198aa08178df,
f51c4cef-5c70-4782-8358-198aa08178df:150,2026-07-19T15:24:53.704Z,22,Black,even,high,f51c4cef-5c70-4782-8358-198aa08178df,
f51c4cef-5c70-4782-8358-198aa08178df:151,2026-07-19T15:25:38.323Z,14,Red,even,low,f51c4cef-5c70-4782-8358-198aa08178df,
f51c4cef-5c70-4782-8358-198aa08178df:152,2026-07-19T15:26:20.600Z,7,Red,odd,low,f51c4cef-5c70-4782-8358-198aa08178df,
f51c4cef-5c70-4782-8358-198aa08178df:153,2026-07-19T15:27:00.990Z,12,Red,even,low,f51c4cef-5c70-4782-8358-198aa08178df,
f51c4cef-5c70-4782-8358-198aa08178df:154,2026-07-19T15:27:37.297Z,24,Black,even,high,f51c4cef-5c70-4782-8358-198aa08178df,
f51c4cef-5c70-4782-8358-198aa08178df:155,2026-07-19T15:28:21.194Z,26,Black,even,high,f51c4cef-5c70-4782-8358-198aa08178df,
f51c4cef-5c70-4782-8358-198aa08178df:156,2026-07-19T15:29:02.190Z,6,Black,even,low,f51c4cef-5c70-4782-8358-198aa08178df,
f51c4cef-5c70-4782-8358-198aa08178df:157,2026-07-19T15:29:43.417Z,10,Black,even,low,f51c4cef-5c70-4782-8358-198aa08178df,
f51c4cef-5c70-4782-8358-198aa08178df:158,2026-07-19T15:30:26.274Z,14,Red,even,low,f51c4cef-5c70-4782-8358-198aa08178df,
f51c4cef-5c70-4782-8358-198aa08178df:159,2026-07-19T15:31:06.804Z,4,Black,even,low,f51c4cef-5c70-4782-8358-198aa08178df,
f51c4cef-5c70-4782-8358-198aa08178df:160,2026-07-19T15:31:48.700Z,17,Black,odd,low,f51c4cef-5c70-4782-8358-198aa08178df,
f51c4cef-5c70-4782-8358-198aa08178df:161,2026-07-19T15:32:36.014Z,35,Black,odd,high,f51c4cef-5c70-4782-8358-198aa08178df,
f51c4cef-5c70-4782-8358-198aa08178df:162,2026-07-19T15:33:16.939Z,13,Black,odd,low,f51c4cef-5c70-4782-8358-198aa08178df,
f51c4cef-5c70-4782-8358-198aa08178df:163,2026-07-19T15:33:59.935Z,18,Red,even,low,f51c4cef-5c70-4782-8358-198aa08178df,
f51c4cef-5c70-4782-8358-198aa08178df:164,2026-07-19T15:34:37.002Z,5,Red,odd,low,f51c4cef-5c70-4782-8358-198aa08178df,
f51c4cef-5c70-4782-8358-198aa08178df:165,2026-07-19T15:35:18.664Z,12,Red,even,low,f51c4cef-5c70-4782-8358-198aa08178df,
f51c4cef-5c70-4782-8358-198aa08178df:166,2026-07-19T15:36:01.663Z,27,Red,odd,high,f51c4cef-5c70-4782-8358-198aa08178df,
f51c4cef-5c70-4782-8358-198aa08178df:167,2026-07-19T15:36:43.621Z,2,Black,even,low,f51c4cef-5c70-4782-8358-198aa08178df,
f51c4cef-5c70-4782-8358-198aa08178df:168,2026-07-19T15:37:28.385Z,25,Red,odd,high,f51c4cef-5c70-4782-8358-198aa08178df,
f51c4cef-5c70-4782-8358-198aa08178df:169,2026-07-19T15:38:09.732Z,36,Red,even,high,f51c4cef-5c70-4782-8358-198aa08178df,
f51c4cef-5c70-4782-8358-198aa08178df:170,2026-07-19T15:38:51.364Z,23,Red,odd,high,f51c4cef-5c70-4782-8358-198aa08178df,
f51c4cef-5c70-4782-8358-198aa08178df:171,2026-07-19T15:39:33.055Z,27,Red,odd,high,f51c4cef-5c70-4782-8358-198aa08178df,
f51c4cef-5c70-4782-8358-198aa08178df:172,2026-07-19T15:40:12.063Z,15,Black,odd,low,f51c4cef-5c70-4782-8358-198aa08178df,
f51c4cef-5c70-4782-8358-198aa08178df:173,2026-07-19T15:40:58.979Z,6,Black,even,low,f51c4cef-5c70-4782-8358-198aa08178df,
f51c4cef-5c70-4782-8358-198aa08178df:174,2026-07-19T15:41:41.492Z,2,Black,even,low,f51c4cef-5c70-4782-8358-198aa08178df,
f51c4cef-5c70-4782-8358-198aa08178df:175,2026-07-19T15:42:19.583Z,6,Black,even,low,f51c4cef-5c70-4782-8358-198aa08178df,
f51c4cef-5c70-4782-8358-198aa08178df:176,2026-07-19T15:43:01.388Z,16,Red,even,low,f51c4cef-5c70-4782-8358-198aa08178df,
f51c4cef-5c70-4782-8358-198aa08178df:177,2026-07-19T15:44:18.882Z,34,Red,even,high,f51c4cef-5c70-4782-8358-198aa08178df,
f51c4cef-5c70-4782-8358-198aa08178df:178,2026-07-19T15:44:54.674Z,4,Black,even,low,f51c4cef-5c70-4782-8358-198aa08178df,
f51c4cef-5c70-4782-8358-198aa08178df:179,2026-07-19T15:45:34.418Z,18,Red,even,low,f51c4cef-5c70-4782-8358-198aa08178df,
f51c4cef-5c70-4782-8358-198aa08178df:180,2026-07-19T15:46:09.733Z,7,Red,odd,low,f51c4cef-5c70-4782-8358-198aa08178df,
f51c4cef-5c70-4782-8358-198aa08178df:181,2026-07-19T15:46:54.824Z,35,Black,odd,high,f51c4cef-5c70-4782-8358-198aa08178df,
6aab067c-8689-4393-bf74-36dc9b04ae8c:1,2026-07-19T16:30:11.845Z,25,Red,odd,high,6aab067c-8689-4393-bf74-36dc9b04ae8c,
6aab067c-8689-4393-bf74-36dc9b04ae8c:2,2026-07-19T16:30:14.077Z,10,Black,even,low,6aab067c-8689-4393-bf74-36dc9b04ae8c,
6aab067c-8689-4393-bf74-36dc9b04ae8c:3,2026-07-19T16:30:17.370Z,0,Green,Zero,Zero,6aab067c-8689-4393-bf74-36dc9b04ae8c,
6aab067c-8689-4393-bf74-36dc9b04ae8c:4,2026-07-19T16:31:02.899Z,7,Red,odd,low,6aab067c-8689-4393-bf74-36dc9b04ae8c,
6aab067c-8689-4393-bf74-36dc9b04ae8c:5,2026-07-19T16:31:45.011Z,32,Red,even,high,6aab067c-8689-4393-bf74-36dc9b04ae8c,
6aab067c-8689-4393-bf74-36dc9b04ae8c:6,2026-07-19T16:32:26.191Z,33,Black,odd,high,6aab067c-8689-4393-bf74-36dc9b04ae8c,
6aab067c-8689-4393-bf74-36dc9b04ae8c:7,2026-07-19T16:33:09.202Z,15,Black,odd,low,6aab067c-8689-4393-bf74-36dc9b04ae8c,
6aab067c-8689-4393-bf74-36dc9b04ae8c:8,2026-07-19T16:33:48.230Z,24,Black,even,high,6aab067c-8689-4393-bf74-36dc9b04ae8c,
6aab067c-8689-4393-bf74-36dc9b04ae8c:9,2026-07-19T16:34:24.345Z,24,Black,even,high,6aab067c-8689-4393-bf74-36dc9b04ae8c,
6aab067c-8689-4393-bf74-36dc9b04ae8c:10,2026-07-19T16:35:06.213Z,24,Black,even,high,6aab067c-8689-4393-bf74-36dc9b04ae8c,
6aab067c-8689-4393-bf74-36dc9b04ae8c:11,2026-07-19T16:35:50.489Z,25,Red,odd,high,6aab067c-8689-4393-bf74-36dc9b04ae8c,
6aab067c-8689-4393-bf74-36dc9b04ae8c:12,2026-07-19T16:36:37.509Z,27,Red,odd,high,6aab067c-8689-4393-bf74-36dc9b04ae8c,
6aab067c-8689-4393-bf74-36dc9b04ae8c:13,2026-07-19T16:37:10.425Z,17,Black,odd,low,6aab067c-8689-4393-bf74-36dc9b04ae8c,
6aab067c-8689-4393-bf74-36dc9b04ae8c:14,2026-07-19T16:37:53.152Z,11,Black,odd,low,6aab067c-8689-4393-bf74-36dc9b04ae8c,
6aab067c-8689-4393-bf74-36dc9b04ae8c:15,2026-07-19T16:38:31.619Z,17,Black,odd,low,6aab067c-8689-4393-bf74-36dc9b04ae8c,
6aab067c-8689-4393-bf74-36dc9b04ae8c:16,2026-07-19T16:39:13.861Z,13,Black,odd,low,6aab067c-8689-4393-bf74-36dc9b04ae8c,
6aab067c-8689-4393-bf74-36dc9b04ae8c:17,2026-07-19T16:39:53.623Z,28,Black,even,high,6aab067c-8689-4393-bf74-36dc9b04ae8c,
6aab067c-8689-4393-bf74-36dc9b04ae8c:18,2026-07-19T16:40:38.444Z,9,Red,odd,low,6aab067c-8689-4393-bf74-36dc9b04ae8c,
6aab067c-8689-4393-bf74-36dc9b04ae8c:19,2026-07-19T16:41:22.744Z,4,Black,even,low,6aab067c-8689-4393-bf74-36dc9b04ae8c,
6aab067c-8689-4393-bf74-36dc9b04ae8c:20,2026-07-19T16:42:05.801Z,10,Black,even,low,6aab067c-8689-4393-bf74-36dc9b04ae8c,
6aab067c-8689-4393-bf74-36dc9b04ae8c:21,2026-07-19T16:42:48.263Z,19,Red,odd,high,6aab067c-8689-4393-bf74-36dc9b04ae8c,
6aab067c-8689-4393-bf74-36dc9b04ae8c:22,2026-07-19T16:43:23.489Z,8,Black,even,low,6aab067c-8689-4393-bf74-36dc9b04ae8c,
6aab067c-8689-4393-bf74-36dc9b04ae8c:23,2026-07-19T16:44:20.845Z,6,Black,even,low,6aab067c-8689-4393-bf74-36dc9b04ae8c,
6aab067c-8689-4393-bf74-36dc9b04ae8c:24,2026-07-19T16:44:44.559Z,27,Red,odd,high,6aab067c-8689-4393-bf74-36dc9b04ae8c,
6aab067c-8689-4393-bf74-36dc9b04ae8c:25,2026-07-19T16:45:20.484Z,21,Red,odd,high,6aab067c-8689-4393-bf74-36dc9b04ae8c,
6aab067c-8689-4393-bf74-36dc9b04ae8c:26,2026-07-19T16:45:57.571Z,17,Black,odd,low,6aab067c-8689-4393-bf74-36dc9b04ae8c,
6aab067c-8689-4393-bf74-36dc9b04ae8c:27,2026-07-19T16:46:37.644Z,25,Red,odd,high,6aab067c-8689-4393-bf74-36dc9b04ae8c,
6aab067c-8689-4393-bf74-36dc9b04ae8c:28,2026-07-19T16:47:14.875Z,14,Red,even,low,6aab067c-8689-4393-bf74-36dc9b04ae8c,
6aab067c-8689-4393-bf74-36dc9b04ae8c:29,2026-07-19T16:47:54.604Z,33,Black,odd,high,6aab067c-8689-4393-bf74-36dc9b04ae8c,
6aab067c-8689-4393-bf74-36dc9b04ae8c:30,2026-07-19T16:48:31.789Z,30,Red,even,high,6aab067c-8689-4393-bf74-36dc9b04ae8c,
6aab067c-8689-4393-bf74-36dc9b04ae8c:31,2026-07-19T16:49:15.178Z,0,Green,Zero,Zero,6aab067c-8689-4393-bf74-36dc9b04ae8c,
6aab067c-8689-4393-bf74-36dc9b04ae8c:32,2026-07-19T16:49:44.880Z,29,Black,odd,high,6aab067c-8689-4393-bf74-36dc9b04ae8c,
6aab067c-8689-4393-bf74-36dc9b04ae8c:33,2026-07-19T16:50:26.529Z,13,Black,odd,low,6aab067c-8689-4393-bf74-36dc9b04ae8c,
6aab067c-8689-4393-bf74-36dc9b04ae8c:34,2026-07-19T16:51:04.031Z,2,Black,even,low,6aab067c-8689-4393-bf74-36dc9b04ae8c,
6aab067c-8689-4393-bf74-36dc9b04ae8c:35,2026-07-19T16:51:42.438Z,31,Black,odd,high,6aab067c-8689-4393-bf74-36dc9b04ae8c,
6aab067c-8689-4393-bf74-36dc9b04ae8c:36,2026-07-19T16:52:23.196Z,29,Black,odd,high,6aab067c-8689-4393-bf74-36dc9b04ae8c,
6aab067c-8689-4393-bf74-36dc9b04ae8c:37,2026-07-19T16:53:00.974Z,8,Black,even,low,6aab067c-8689-4393-bf74-36dc9b04ae8c,
6aab067c-8689-4393-bf74-36dc9b04ae8c:38,2026-07-19T16:53:38.125Z,2,Black,even,low,6aab067c-8689-4393-bf74-36dc9b04ae8c,
6aab067c-8689-4393-bf74-36dc9b04ae8c:39,2026-07-19T16:54:20.165Z,20,Black,even,high,6aab067c-8689-4393-bf74-36dc9b04ae8c,
6aab067c-8689-4393-bf74-36dc9b04ae8c:40,2026-07-19T16:54:53.389Z,2,Black,even,low,6aab067c-8689-4393-bf74-36dc9b04ae8c,
6aab067c-8689-4393-bf74-36dc9b04ae8c:41,2026-07-19T16:55:33.774Z,32,Red,even,high,6aab067c-8689-4393-bf74-36dc9b04ae8c,
6aab067c-8689-4393-bf74-36dc9b04ae8c:42,2026-07-19T16:56:17.933Z,21,Red,odd,high,6aab067c-8689-4393-bf74-36dc9b04ae8c,
6aab067c-8689-4393-bf74-36dc9b04ae8c:43,2026-07-19T16:56:54.379Z,34,Red,even,high,6aab067c-8689-4393-bf74-36dc9b04ae8c,
6aab067c-8689-4393-bf74-36dc9b04ae8c:44,2026-07-19T16:57:26.672Z,2,Black,even,low,6aab067c-8689-4393-bf74-36dc9b04ae8c,
6aab067c-8689-4393-bf74-36dc9b04ae8c:45,2026-07-19T16:58:05.519Z,29,Black,odd,high,6aab067c-8689-4393-bf74-36dc9b04ae8c,
6aab067c-8689-4393-bf74-36dc9b04ae8c:46,2026-07-19T16:58:44.616Z,21,Red,odd,high,6aab067c-8689-4393-bf74-36dc9b04ae8c,
6aab067c-8689-4393-bf74-36dc9b04ae8c:47,2026-07-19T16:59:21.853Z,24,Black,even,high,6aab067c-8689-4393-bf74-36dc9b04ae8c,
6aab067c-8689-4393-bf74-36dc9b04ae8c:48,2026-07-19T17:00:01.196Z,23,Red,odd,high,6aab067c-8689-4393-bf74-36dc9b04ae8c,
6aab067c-8689-4393-bf74-36dc9b04ae8c:49,2026-07-19T17:00:40.292Z,1,Red,odd,low,6aab067c-8689-4393-bf74-36dc9b04ae8c,
6aab067c-8689-4393-bf74-36dc9b04ae8c:50,2026-07-19T17:01:15.662Z,24,Black,even,high,6aab067c-8689-4393-bf74-36dc9b04ae8c,
6aab067c-8689-4393-bf74-36dc9b04ae8c:51,2026-07-19T17:01:54.598Z,11,Black,odd,low,6aab067c-8689-4393-bf74-36dc9b04ae8c,
6aab067c-8689-4393-bf74-36dc9b04ae8c:52,2026-07-19T17:02:35.473Z,26,Black,even,high,6aab067c-8689-4393-bf74-36dc9b04ae8c,
6aab067c-8689-4393-bf74-36dc9b04ae8c:53,2026-07-19T17:03:11.892Z,35,Black,odd,high,6aab067c-8689-4393-bf74-36dc9b04ae8c,
6aab067c-8689-4393-bf74-36dc9b04ae8c:54,2026-07-19T17:03:49.785Z,13,Black,odd,low,6aab067c-8689-4393-bf74-36dc9b04ae8c,
6aab067c-8689-4393-bf74-36dc9b04ae8c:55,2026-07-19T17:04:24.732Z,6,Black,even,low,6aab067c-8689-4393-bf74-36dc9b04ae8c,
6aab067c-8689-4393-bf74-36dc9b04ae8c:56,2026-07-19T17:05:05.686Z,5,Red,odd,low,6aab067c-8689-4393-bf74-36dc9b04ae8c,
6aab067c-8689-4393-bf74-36dc9b04ae8c:57,2026-07-19T17:05:45.067Z,35,Black,odd,high,6aab067c-8689-4393-bf74-36dc9b04ae8c,
6aab067c-8689-4393-bf74-36dc9b04ae8c:58,2026-07-19T17:06:20.207Z,20,Black,even,high,6aab067c-8689-4393-bf74-36dc9b04ae8c,
6aab067c-8689-4393-bf74-36dc9b04ae8c:59,2026-07-19T17:06:58.735Z,29,Black,odd,high,6aab067c-8689-4393-bf74-36dc9b04ae8c,
6aab067c-8689-4393-bf74-36dc9b04ae8c:60,2026-07-19T17:07:37.438Z,27,Red,odd,high,6aab067c-8689-4393-bf74-36dc9b04ae8c,
6aab067c-8689-4393-bf74-36dc9b04ae8c:61,2026-07-19T17:08:16.588Z,19,Red,odd,high,6aab067c-8689-4393-bf74-36dc9b04ae8c,
6aab067c-8689-4393-bf74-36dc9b04ae8c:62,2026-07-19T17:08:56.281Z,33,Black,odd,high,6aab067c-8689-4393-bf74-36dc9b04ae8c,
6aab067c-8689-4393-bf74-36dc9b04ae8c:63,2026-07-19T17:09:35.328Z,27,Red,odd,high,6aab067c-8689-4393-bf74-36dc9b04ae8c,
6aab067c-8689-4393-bf74-36dc9b04ae8c:64,2026-07-19T17:10:13.227Z,34,Red,even,high,6aab067c-8689-4393-bf74-36dc9b04ae8c,
6aab067c-8689-4393-bf74-36dc9b04ae8c:65,2026-07-19T17:10:47.693Z,17,Black,odd,low,6aab067c-8689-4393-bf74-36dc9b04ae8c,
6aab067c-8689-4393-bf74-36dc9b04ae8c:66,2026-07-19T17:11:23.909Z,17,Black,odd,low,6aab067c-8689-4393-bf74-36dc9b04ae8c,
6aab067c-8689-4393-bf74-36dc9b04ae8c:67,2026-07-19T17:12:02.007Z,25,Red,odd,high,6aab067c-8689-4393-bf74-36dc9b04ae8c,
6aab067c-8689-4393-bf74-36dc9b04ae8c:68,2026-07-19T17:12:50.922Z,36,Red,even,high,6aab067c-8689-4393-bf74-36dc9b04ae8c,
6aab067c-8689-4393-bf74-36dc9b04ae8c:69,2026-07-19T17:13:33.330Z,23,Red,odd,high,6aab067c-8689-4393-bf74-36dc9b04ae8c,
6aab067c-8689-4393-bf74-36dc9b04ae8c:70,2026-07-19T17:14:10.157Z,1,Red,odd,low,6aab067c-8689-4393-bf74-36dc9b04ae8c,
6aab067c-8689-4393-bf74-36dc9b04ae8c:71,2026-07-19T17:14:45.262Z,13,Black,odd,low,6aab067c-8689-4393-bf74-36dc9b04ae8c,
6aab067c-8689-4393-bf74-36dc9b04ae8c:72,2026-07-19T17:15:24.874Z,1,Red,odd,low,6aab067c-8689-4393-bf74-36dc9b04ae8c,
6aab067c-8689-4393-bf74-36dc9b04ae8c:73,2026-07-19T17:16:05.136Z,3,Red,odd,low,6aab067c-8689-4393-bf74-36dc9b04ae8c,
6aab067c-8689-4393-bf74-36dc9b04ae8c:74,2026-07-19T17:16:52.887Z,31,Black,odd,high,6aab067c-8689-4393-bf74-36dc9b04ae8c,
6aab067c-8689-4393-bf74-36dc9b04ae8c:75,2026-07-19T17:17:29.565Z,6,Black,even,low,6aab067c-8689-4393-bf74-36dc9b04ae8c,
6aab067c-8689-4393-bf74-36dc9b04ae8c:76,2026-07-19T17:18:12.449Z,19,Red,odd,high,6aab067c-8689-4393-bf74-36dc9b04ae8c,
6aab067c-8689-4393-bf74-36dc9b04ae8c:77,2026-07-19T17:18:52.379Z,7,Red,odd,low,6aab067c-8689-4393-bf74-36dc9b04ae8c,
6aab067c-8689-4393-bf74-36dc9b04ae8c:78,2026-07-19T17:19:37.982Z,35,Black,odd,high,6aab067c-8689-4393-bf74-36dc9b04ae8c,
6aab067c-8689-4393-bf74-36dc9b04ae8c:79,2026-07-19T17:20:15.848Z,20,Black,even,high,6aab067c-8689-4393-bf74-36dc9b04ae8c,
6aab067c-8689-4393-bf74-36dc9b04ae8c:80,2026-07-19T17:20:58.412Z,35,Black,odd,high,6aab067c-8689-4393-bf74-36dc9b04ae8c,
6aab067c-8689-4393-bf74-36dc9b04ae8c:81,2026-07-19T17:21:40.238Z,16,Red,even,low,6aab067c-8689-4393-bf74-36dc9b04ae8c,
6aab067c-8689-4393-bf74-36dc9b04ae8c:82,2026-07-19T17:22:22.120Z,17,Black,odd,low,6aab067c-8689-4393-bf74-36dc9b04ae8c,
6aab067c-8689-4393-bf74-36dc9b04ae8c:83,2026-07-19T17:23:04.466Z,25,Red,odd,high,6aab067c-8689-4393-bf74-36dc9b04ae8c,
6aab067c-8689-4393-bf74-36dc9b04ae8c:84,2026-07-19T17:23:43.097Z,20,Black,even,high,6aab067c-8689-4393-bf74-36dc9b04ae8c,
6aab067c-8689-4393-bf74-36dc9b04ae8c:85,2026-07-19T17:24:28.223Z,2,Black,even,low,6aab067c-8689-4393-bf74-36dc9b04ae8c,
6aab067c-8689-4393-bf74-36dc9b04ae8c:86,2026-07-19T17:25:05.838Z,16,Red,even,low,6aab067c-8689-4393-bf74-36dc9b04ae8c,
6aab067c-8689-4393-bf74-36dc9b04ae8c:87,2026-07-19T17:25:53.678Z,7,Red,odd,low,6aab067c-8689-4393-bf74-36dc9b04ae8c,
6aab067c-8689-4393-bf74-36dc9b04ae8c:88,2026-07-19T17:27:26.362Z,6,Black,even,low,6aab067c-8689-4393-bf74-36dc9b04ae8c,
6aab067c-8689-4393-bf74-36dc9b04ae8c:89,2026-07-19T17:27:50.795Z,27,Red,odd,high,6aab067c-8689-4393-bf74-36dc9b04ae8c,
6aab067c-8689-4393-bf74-36dc9b04ae8c:90,2026-07-19T17:28:30.558Z,24,Black,even,high,6aab067c-8689-4393-bf74-36dc9b04ae8c,
6aab067c-8689-4393-bf74-36dc9b04ae8c:91,2026-07-19T17:29:10.587Z,29,Black,odd,high,6aab067c-8689-4393-bf74-36dc9b04ae8c,
6aab067c-8689-4393-bf74-36dc9b04ae8c:92,2026-07-19T17:29:49.235Z,20,Black,even,high,6aab067c-8689-4393-bf74-36dc9b04ae8c,
6aab067c-8689-4393-bf74-36dc9b04ae8c:93,2026-07-19T17:30:32.792Z,8,Black,even,low,6aab067c-8689-4393-bf74-36dc9b04ae8c,
6aab067c-8689-4393-bf74-36dc9b04ae8c:94,2026-07-19T17:31:15.071Z,36,Red,even,high,6aab067c-8689-4393-bf74-36dc9b04ae8c,
6aab067c-8689-4393-bf74-36dc9b04ae8c:95,2026-07-19T17:31:53.149Z,1,Red,odd,low,6aab067c-8689-4393-bf74-36dc9b04ae8c,
a7d0e507-ce23-42f3-aa06-b4de86e580ef:1,2026-07-19T17:59:22.552Z,18,Red,even,low,a7d0e507-ce23-42f3-aa06-b4de86e580ef,
a7d0e507-ce23-42f3-aa06-b4de86e580ef:2,2026-07-19T17:59:25.006Z,28,Black,even,high,a7d0e507-ce23-42f3-aa06-b4de86e580ef,
a7d0e507-ce23-42f3-aa06-b4de86e580ef:3,2026-07-19T17:59:26.791Z,30,Red,even,high,a7d0e507-ce23-42f3-aa06-b4de86e580ef,
a7d0e507-ce23-42f3-aa06-b4de86e580ef:4,2026-07-19T17:59:36.424Z,15,Black,odd,low,a7d0e507-ce23-42f3-aa06-b4de86e580ef,
a7d0e507-ce23-42f3-aa06-b4de86e580ef:5,2026-07-19T18:00:11.204Z,36,Red,even,high,a7d0e507-ce23-42f3-aa06-b4de86e580ef,
a7d0e507-ce23-42f3-aa06-b4de86e580ef:6,2026-07-19T18:00:52.020Z,35,Black,odd,high,a7d0e507-ce23-42f3-aa06-b4de86e580ef,
a7d0e507-ce23-42f3-aa06-b4de86e580ef:7,2026-07-19T18:01:31.923Z,1,Red,odd,low,a7d0e507-ce23-42f3-aa06-b4de86e580ef,
a7d0e507-ce23-42f3-aa06-b4de86e580ef:8,2026-07-19T18:02:08.061Z,28,Black,even,high,a7d0e507-ce23-42f3-aa06-b4de86e580ef,
a7d0e507-ce23-42f3-aa06-b4de86e580ef:9,2026-07-19T18:02:45.567Z,10,Black,even,low,a7d0e507-ce23-42f3-aa06-b4de86e580ef,
a7d0e507-ce23-42f3-aa06-b4de86e580ef:10,2026-07-19T18:03:23.446Z,21,Red,odd,high,a7d0e507-ce23-42f3-aa06-b4de86e580ef,
a7d0e507-ce23-42f3-aa06-b4de86e580ef:11,2026-07-19T18:03:58.185Z,3,Red,odd,low,a7d0e507-ce23-42f3-aa06-b4de86e580ef,
a7d0e507-ce23-42f3-aa06-b4de86e580ef:12,2026-07-19T18:04:37.254Z,9,Red,odd,low,a7d0e507-ce23-42f3-aa06-b4de86e580ef,
a7d0e507-ce23-42f3-aa06-b4de86e580ef:13,2026-07-19T18:05:17.294Z,31,Black,odd,high,a7d0e507-ce23-42f3-aa06-b4de86e580ef,
a7d0e507-ce23-42f3-aa06-b4de86e580ef:14,2026-07-19T18:05:55.608Z,27,Red,odd,high,a7d0e507-ce23-42f3-aa06-b4de86e580ef,
a7d0e507-ce23-42f3-aa06-b4de86e580ef:15,2026-07-19T18:06:35.903Z,5,Red,odd,low,a7d0e507-ce23-42f3-aa06-b4de86e580ef,
a7d0e507-ce23-42f3-aa06-b4de86e580ef:16,2026-07-19T18:07:12.850Z,22,Black,even,high,a7d0e507-ce23-42f3-aa06-b4de86e580ef,
a7d0e507-ce23-42f3-aa06-b4de86e580ef:17,2026-07-19T18:07:50.578Z,22,Black,even,high,a7d0e507-ce23-42f3-aa06-b4de86e580ef,
a7d0e507-ce23-42f3-aa06-b4de86e580ef:18,2026-07-19T18:08:28.222Z,8,Black,even,low,a7d0e507-ce23-42f3-aa06-b4de86e580ef,
a7d0e507-ce23-42f3-aa06-b4de86e580ef:19,2026-07-19T18:09:06.566Z,19,Red,odd,high,a7d0e507-ce23-42f3-aa06-b4de86e580ef,
a7d0e507-ce23-42f3-aa06-b4de86e580ef:20,2026-07-19T18:09:45.487Z,3,Red,odd,low,a7d0e507-ce23-42f3-aa06-b4de86e580ef,
a7d0e507-ce23-42f3-aa06-b4de86e580ef:21,2026-07-19T18:10:21.315Z,13,Black,odd,low,a7d0e507-ce23-42f3-aa06-b4de86e580ef,
a7d0e507-ce23-42f3-aa06-b4de86e580ef:22,2026-07-19T18:10:56.001Z,24,Black,even,high,a7d0e507-ce23-42f3-aa06-b4de86e580ef,
a7d0e507-ce23-42f3-aa06-b4de86e580ef:23,2026-07-19T18:11:34.898Z,9,Red,odd,low,a7d0e507-ce23-42f3-aa06-b4de86e580ef,
a7d0e507-ce23-42f3-aa06-b4de86e580ef:24,2026-07-19T18:12:18.033Z,0,Green,Zero,Zero,a7d0e507-ce23-42f3-aa06-b4de86e580ef,
a7d0e507-ce23-42f3-aa06-b4de86e580ef:25,2026-07-19T18:13:00.329Z,11,Black,odd,low,a7d0e507-ce23-42f3-aa06-b4de86e580ef,
a7d0e507-ce23-42f3-aa06-b4de86e580ef:26,2026-07-19T18:13:49.339Z,31,Black,odd,high,a7d0e507-ce23-42f3-aa06-b4de86e580ef,
a7d0e507-ce23-42f3-aa06-b4de86e580ef:27,2026-07-19T18:14:28.135Z,9,Red,odd,low,a7d0e507-ce23-42f3-aa06-b4de86e580ef,
a7d0e507-ce23-42f3-aa06-b4de86e580ef:28,2026-07-19T18:15:05.983Z,17,Black,odd,low,a7d0e507-ce23-42f3-aa06-b4de86e580ef,
a7d0e507-ce23-42f3-aa06-b4de86e580ef:29,2026-07-19T18:15:44.928Z,6,Black,even,low,a7d0e507-ce23-42f3-aa06-b4de86e580ef,
a7d0e507-ce23-42f3-aa06-b4de86e580ef:30,2026-07-19T18:16:25.355Z,36,Red,even,high,a7d0e507-ce23-42f3-aa06-b4de86e580ef,
a7d0e507-ce23-42f3-aa06-b4de86e580ef:31,2026-07-19T18:17:07.280Z,29,Black,odd,high,a7d0e507-ce23-42f3-aa06-b4de86e580ef,
a7d0e507-ce23-42f3-aa06-b4de86e580ef:32,2026-07-19T18:17:46.092Z,15,Black,odd,low,a7d0e507-ce23-42f3-aa06-b4de86e580ef,
a7d0e507-ce23-42f3-aa06-b4de86e580ef:33,2026-07-19T18:18:28.434Z,11,Black,odd,low,a7d0e507-ce23-42f3-aa06-b4de86e580ef,
a7d0e507-ce23-42f3-aa06-b4de86e580ef:34,2026-07-19T18:19:10.729Z,23,Red,odd,high,a7d0e507-ce23-42f3-aa06-b4de86e580ef,
a7d0e507-ce23-42f3-aa06-b4de86e580ef:35,2026-07-19T18:19:49.402Z,32,Red,even,high,a7d0e507-ce23-42f3-aa06-b4de86e580ef,
a7d0e507-ce23-42f3-aa06-b4de86e580ef:36,2026-07-19T18:20:28.776Z,6,Black,even,low,a7d0e507-ce23-42f3-aa06-b4de86e580ef,
a7d0e507-ce23-42f3-aa06-b4de86e580ef:37,2026-07-19T18:21:10.722Z,12,Red,even,low,a7d0e507-ce23-42f3-aa06-b4de86e580ef,
a7d0e507-ce23-42f3-aa06-b4de86e580ef:38,2026-07-19T18:21:53.266Z,28,Black,even,high,a7d0e507-ce23-42f3-aa06-b4de86e580ef,
a7d0e507-ce23-42f3-aa06-b4de86e580ef:39,2026-07-19T18:22:31.411Z,9,Red,odd,low,a7d0e507-ce23-42f3-aa06-b4de86e580ef,
a7d0e507-ce23-42f3-aa06-b4de86e580ef:40,2026-07-19T18:23:15.796Z,29,Black,odd,high,a7d0e507-ce23-42f3-aa06-b4de86e580ef,
a7d0e507-ce23-42f3-aa06-b4de86e580ef:41,2026-07-19T18:23:55.680Z,2,Black,even,low,a7d0e507-ce23-42f3-aa06-b4de86e580ef,
a7d0e507-ce23-42f3-aa06-b4de86e580ef:42,2026-07-19T18:24:35.450Z,0,Green,Zero,Zero,a7d0e507-ce23-42f3-aa06-b4de86e580ef,
a7d0e507-ce23-42f3-aa06-b4de86e580ef:43,2026-07-19T18:25:18.472Z,15,Black,odd,low,a7d0e507-ce23-42f3-aa06-b4de86e580ef,
a7d0e507-ce23-42f3-aa06-b4de86e580ef:44,2026-07-19T18:26:00.746Z,17,Black,odd,low,a7d0e507-ce23-42f3-aa06-b4de86e580ef,
a7d0e507-ce23-42f3-aa06-b4de86e580ef:45,2026-07-19T18:26:39.480Z,28,Black,even,high,a7d0e507-ce23-42f3-aa06-b4de86e580ef,
a7d0e507-ce23-42f3-aa06-b4de86e580ef:46,2026-07-19T18:27:20.093Z,29,Black,odd,high,a7d0e507-ce23-42f3-aa06-b4de86e580ef,
a7d0e507-ce23-42f3-aa06-b4de86e580ef:47,2026-07-19T18:28:06.890Z,0,Green,Zero,Zero,a7d0e507-ce23-42f3-aa06-b4de86e580ef,
a7d0e507-ce23-42f3-aa06-b4de86e580ef:48,2026-07-19T18:28:43.432Z,5,Red,odd,low,a7d0e507-ce23-42f3-aa06-b4de86e580ef,
a7d0e507-ce23-42f3-aa06-b4de86e580ef:49,2026-07-19T18:29:25.992Z,6,Black,even,low,a7d0e507-ce23-42f3-aa06-b4de86e580ef,
a7d0e507-ce23-42f3-aa06-b4de86e580ef:50,2026-07-19T18:30:06.429Z,3,Red,odd,low,a7d0e507-ce23-42f3-aa06-b4de86e580ef,
a7d0e507-ce23-42f3-aa06-b4de86e580ef:51,2026-07-19T18:30:47.242Z,20,Black,even,high,a7d0e507-ce23-42f3-aa06-b4de86e580ef,
a7d0e507-ce23-42f3-aa06-b4de86e580ef:52,2026-07-19T18:31:26.295Z,36,Red,even,high,a7d0e507-ce23-42f3-aa06-b4de86e580ef,
a7d0e507-ce23-42f3-aa06-b4de86e580ef:53,2026-07-19T18:32:07.989Z,31,Black,odd,high,a7d0e507-ce23-42f3-aa06-b4de86e580ef,
a7d0e507-ce23-42f3-aa06-b4de86e580ef:54,2026-07-19T18:32:49.538Z,22,Black,even,high,a7d0e507-ce23-42f3-aa06-b4de86e580ef,
a7d0e507-ce23-42f3-aa06-b4de86e580ef:55,2026-07-19T18:33:29.602Z,35,Black,odd,high,a7d0e507-ce23-42f3-aa06-b4de86e580ef,
a7d0e507-ce23-42f3-aa06-b4de86e580ef:56,2026-07-19T18:34:13.193Z,1,Red,odd,low,a7d0e507-ce23-42f3-aa06-b4de86e580ef,
a7d0e507-ce23-42f3-aa06-b4de86e580ef:57,2026-07-19T18:34:53.515Z,27,Red,odd,high,a7d0e507-ce23-42f3-aa06-b4de86e580ef,
a7d0e507-ce23-42f3-aa06-b4de86e580ef:58,2026-07-19T18:35:23.701Z,0,Green,Zero,Zero,a7d0e507-ce23-42f3-aa06-b4de86e580ef,
783ba41d-08fa-4c4e-a980-ff412c964649:1,2026-07-19T20:01:03.093Z,21,Red,odd,high,783ba41d-08fa-4c4e-a980-ff412c964649,
783ba41d-08fa-4c4e-a980-ff412c964649:2,2026-07-19T20:01:05.927Z,20,Black,even,high,783ba41d-08fa-4c4e-a980-ff412c964649,
783ba41d-08fa-4c4e-a980-ff412c964649:3,2026-07-19T20:01:07.693Z,33,Black,odd,high,783ba41d-08fa-4c4e-a980-ff412c964649,
783ba41d-08fa-4c4e-a980-ff412c964649:4,2026-07-19T20:02:00.875Z,5,Red,odd,low,783ba41d-08fa-4c4e-a980-ff412c964649,
783ba41d-08fa-4c4e-a980-ff412c964649:5,2026-07-19T20:03:04.751Z,20,Black,even,high,783ba41d-08fa-4c4e-a980-ff412c964649,
783ba41d-08fa-4c4e-a980-ff412c964649:6,2026-07-19T20:04:02.426Z,12,Red,even,low,783ba41d-08fa-4c4e-a980-ff412c964649,
783ba41d-08fa-4c4e-a980-ff412c964649:7,2026-07-19T20:05:03.022Z,0,Green,Zero,Zero,783ba41d-08fa-4c4e-a980-ff412c964649,
783ba41d-08fa-4c4e-a980-ff412c964649:8,2026-07-19T20:06:00.997Z,9,Red,odd,low,783ba41d-08fa-4c4e-a980-ff412c964649,
783ba41d-08fa-4c4e-a980-ff412c964649:9,2026-07-19T20:07:04.964Z,7,Red,odd,low,783ba41d-08fa-4c4e-a980-ff412c964649,
783ba41d-08fa-4c4e-a980-ff412c964649:10,2026-07-19T20:08:01.430Z,8,Black,even,low,783ba41d-08fa-4c4e-a980-ff412c964649,
783ba41d-08fa-4c4e-a980-ff412c964649:11,2026-07-19T20:09:04.894Z,31,Black,odd,high,783ba41d-08fa-4c4e-a980-ff412c964649,
783ba41d-08fa-4c4e-a980-ff412c964649:12,2026-07-19T20:09:55.803Z,34,Red,even,high,783ba41d-08fa-4c4e-a980-ff412c964649,
783ba41d-08fa-4c4e-a980-ff412c964649:13,2026-07-19T20:11:08.856Z,20,Black,even,high,783ba41d-08fa-4c4e-a980-ff412c964649,
783ba41d-08fa-4c4e-a980-ff412c964649:14,2026-07-19T20:12:05.707Z,33,Black,odd,high,783ba41d-08fa-4c4e-a980-ff412c964649,
783ba41d-08fa-4c4e-a980-ff412c964649:15,2026-07-19T20:12:49.808Z,9,Red,odd,low,783ba41d-08fa-4c4e-a980-ff412c964649,
783ba41d-08fa-4c4e-a980-ff412c964649:16,2026-07-19T20:13:48.343Z,1,Red,odd,low,783ba41d-08fa-4c4e-a980-ff412c964649,
783ba41d-08fa-4c4e-a980-ff412c964649:17,2026-07-19T20:14:45.145Z,24,Black,even,high,783ba41d-08fa-4c4e-a980-ff412c964649,
783ba41d-08fa-4c4e-a980-ff412c964649:18,2026-07-19T20:15:47.865Z,31,Black,odd,high,783ba41d-08fa-4c4e-a980-ff412c964649,
783ba41d-08fa-4c4e-a980-ff412c964649:19,2026-07-19T20:16:45.451Z,13,Black,odd,low,783ba41d-08fa-4c4e-a980-ff412c964649,
783ba41d-08fa-4c4e-a980-ff412c964649:20,2026-07-19T20:17:46.093Z,10,Black,even,low,783ba41d-08fa-4c4e-a980-ff412c964649,
783ba41d-08fa-4c4e-a980-ff412c964649:21,2026-07-19T20:18:44.270Z,14,Red,even,low,783ba41d-08fa-4c4e-a980-ff412c964649,
783ba41d-08fa-4c4e-a980-ff412c964649:22,2026-07-19T20:19:46.023Z,19,Red,odd,high,783ba41d-08fa-4c4e-a980-ff412c964649,
783ba41d-08fa-4c4e-a980-ff412c964649:23,2026-07-19T20:20:41.798Z,20,Black,even,high,783ba41d-08fa-4c4e-a980-ff412c964649,
783ba41d-08fa-4c4e-a980-ff412c964649:24,2026-07-19T20:21:48.461Z,17,Black,odd,low,783ba41d-08fa-4c4e-a980-ff412c964649,
783ba41d-08fa-4c4e-a980-ff412c964649:25,2026-07-19T20:22:44.789Z,30,Red,even,high,783ba41d-08fa-4c4e-a980-ff412c964649,
783ba41d-08fa-4c4e-a980-ff412c964649:26,2026-07-19T20:23:34.799Z,16,Red,even,low,783ba41d-08fa-4c4e-a980-ff412c964649,
783ba41d-08fa-4c4e-a980-ff412c964649:27,2026-07-19T20:24:32.474Z,28,Black,even,high,783ba41d-08fa-4c4e-a980-ff412c964649,
783ba41d-08fa-4c4e-a980-ff412c964649:28,2026-07-19T20:25:28.663Z,28,Black,even,high,783ba41d-08fa-4c4e-a980-ff412c964649,
783ba41d-08fa-4c4e-a980-ff412c964649:29,2026-07-19T20:26:37.498Z,25,Red,odd,high,783ba41d-08fa-4c4e-a980-ff412c964649,
783ba41d-08fa-4c4e-a980-ff412c964649:30,2026-07-19T20:27:43.759Z,29,Black,odd,high,783ba41d-08fa-4c4e-a980-ff412c964649,
783ba41d-08fa-4c4e-a980-ff412c964649:31,2026-07-19T20:28:26.193Z,36,Red,even,high,783ba41d-08fa-4c4e-a980-ff412c964649,
783ba41d-08fa-4c4e-a980-ff412c964649:32,2026-07-19T20:29:26.316Z,2,Black,even,low,783ba41d-08fa-4c4e-a980-ff412c964649,
783ba41d-08fa-4c4e-a980-ff412c964649:33,2026-07-19T20:30:22.704Z,36,Red,even,high,783ba41d-08fa-4c4e-a980-ff412c964649,
783ba41d-08fa-4c4e-a980-ff412c964649:34,2026-07-19T20:31:23.856Z,2,Black,even,low,783ba41d-08fa-4c4e-a980-ff412c964649,
783ba41d-08fa-4c4e-a980-ff412c964649:35,2026-07-19T20:32:22.105Z,36,Red,even,high,783ba41d-08fa-4c4e-a980-ff412c964649,
783ba41d-08fa-4c4e-a980-ff412c964649:36,2026-07-19T20:33:23.462Z,4,Black,even,low,783ba41d-08fa-4c4e-a980-ff412c964649,
783ba41d-08fa-4c4e-a980-ff412c964649:37,2026-07-19T20:34:39.274Z,4,Black,even,low,783ba41d-08fa-4c4e-a980-ff412c964649,
783ba41d-08fa-4c4e-a980-ff412c964649:38,2026-07-19T20:35:46.323Z,0,Green,Zero,Zero,783ba41d-08fa-4c4e-a980-ff412c964649,
783ba41d-08fa-4c4e-a980-ff412c964649:39,2026-07-19T20:36:17.283Z,6,Black,even,low,783ba41d-08fa-4c4e-a980-ff412c964649,
783ba41d-08fa-4c4e-a980-ff412c964649:40,2026-07-19T20:37:08.412Z,36,Red,even,high,783ba41d-08fa-4c4e-a980-ff412c964649,
783ba41d-08fa-4c4e-a980-ff412c964649:41,2026-07-19T20:38:09.674Z,36,Red,even,high,783ba41d-08fa-4c4e-a980-ff412c964649,
783ba41d-08fa-4c4e-a980-ff412c964649:42,2026-07-19T20:39:03.953Z,24,Black,even,high,783ba41d-08fa-4c4e-a980-ff412c964649,
783ba41d-08fa-4c4e-a980-ff412c964649:43,2026-07-19T20:40:01.828Z,11,Black,odd,low,783ba41d-08fa-4c4e-a980-ff412c964649,
783ba41d-08fa-4c4e-a980-ff412c964649:44,2026-07-19T20:41:02.224Z,10,Black,even,low,783ba41d-08fa-4c4e-a980-ff412c964649,
783ba41d-08fa-4c4e-a980-ff412c964649:45,2026-07-19T20:42:06.865Z,5,Red,odd,low,783ba41d-08fa-4c4e-a980-ff412c964649,
783ba41d-08fa-4c4e-a980-ff412c964649:46,2026-07-19T20:42:52.787Z,23,Red,odd,high,783ba41d-08fa-4c4e-a980-ff412c964649,
783ba41d-08fa-4c4e-a980-ff412c964649:47,2026-07-19T20:43:48.350Z,28,Black,even,high,783ba41d-08fa-4c4e-a980-ff412c964649,
783ba41d-08fa-4c4e-a980-ff412c964649:48,2026-07-19T20:44:46.215Z,17,Black,odd,low,783ba41d-08fa-4c4e-a980-ff412c964649,
783ba41d-08fa-4c4e-a980-ff412c964649:49,2026-07-19T20:45:39.946Z,21,Red,odd,high,783ba41d-08fa-4c4e-a980-ff412c964649,
783ba41d-08fa-4c4e-a980-ff412c964649:50,2026-07-19T20:46:34.041Z,27,Red,odd,high,783ba41d-08fa-4c4e-a980-ff412c964649,
783ba41d-08fa-4c4e-a980-ff412c964649:51,2026-07-19T20:47:30.396Z,28,Black,even,high,783ba41d-08fa-4c4e-a980-ff412c964649,
783ba41d-08fa-4c4e-a980-ff412c964649:52,2026-07-19T20:48:26.404Z,2,Black,even,low,783ba41d-08fa-4c4e-a980-ff412c964649,
783ba41d-08fa-4c4e-a980-ff412c964649:53,2026-07-19T20:49:21.577Z,9,Red,odd,low,783ba41d-08fa-4c4e-a980-ff412c964649,
783ba41d-08fa-4c4e-a980-ff412c964649:54,2026-07-19T20:50:16.767Z,10,Black,even,low,783ba41d-08fa-4c4e-a980-ff412c964649,
783ba41d-08fa-4c4e-a980-ff412c964649:55,2026-07-19T20:51:20.967Z,8,Black,even,low,783ba41d-08fa-4c4e-a980-ff412c964649,
783ba41d-08fa-4c4e-a980-ff412c964649:56,2026-07-19T20:52:08.018Z,9,Red,odd,low,783ba41d-08fa-4c4e-a980-ff412c964649,
783ba41d-08fa-4c4e-a980-ff412c964649:57,2026-07-19T20:53:08.213Z,15,Black,odd,low,783ba41d-08fa-4c4e-a980-ff412c964649,
783ba41d-08fa-4c4e-a980-ff412c964649:58,2026-07-19T20:54:00.705Z,2,Black,even,low,783ba41d-08fa-4c4e-a980-ff412c964649,
783ba41d-08fa-4c4e-a980-ff412c964649:59,2026-07-19T20:55:08.663Z,4,Black,even,low,783ba41d-08fa-4c4e-a980-ff412c964649,
783ba41d-08fa-4c4e-a980-ff412c964649:60,2026-07-19T20:55:55.520Z,25,Red,odd,high,783ba41d-08fa-4c4e-a980-ff412c964649,
783ba41d-08fa-4c4e-a980-ff412c964649:61,2026-07-19T20:56:46.846Z,29,Black,odd,high,783ba41d-08fa-4c4e-a980-ff412c964649,
783ba41d-08fa-4c4e-a980-ff412c964649:62,2026-07-19T20:58:04.018Z,15,Black,odd,low,783ba41d-08fa-4c4e-a980-ff412c964649,
783ba41d-08fa-4c4e-a980-ff412c964649:63,2026-07-19T20:58:41.162Z,15,Black,odd,low,783ba41d-08fa-4c4e-a980-ff412c964649,
783ba41d-08fa-4c4e-a980-ff412c964649:64,2026-07-19T20:59:35.498Z,15,Black,odd,low,783ba41d-08fa-4c4e-a980-ff412c964649,
783ba41d-08fa-4c4e-a980-ff412c964649:65,2026-07-19T21:00:39.412Z,2,Black,even,low,783ba41d-08fa-4c4e-a980-ff412c964649,
783ba41d-08fa-4c4e-a980-ff412c964649:66,2026-07-19T21:01:31.232Z,7,Red,odd,low,783ba41d-08fa-4c4e-a980-ff412c964649,
783ba41d-08fa-4c4e-a980-ff412c964649:67,2026-07-19T21:02:30.065Z,15,Black,odd,low,783ba41d-08fa-4c4e-a980-ff412c964649,
783ba41d-08fa-4c4e-a980-ff412c964649:68,2026-07-19T21:03:44.973Z,19,Red,odd,high,783ba41d-08fa-4c4e-a980-ff412c964649,
783ba41d-08fa-4c4e-a980-ff412c964649:69,2026-07-19T21:04:32.787Z,27,Red,odd,high,783ba41d-08fa-4c4e-a980-ff412c964649,
783ba41d-08fa-4c4e-a980-ff412c964649:70,2026-07-19T21:05:13.526Z,33,Black,odd,high,783ba41d-08fa-4c4e-a980-ff412c964649,
783ba41d-08fa-4c4e-a980-ff412c964649:71,2026-07-19T21:06:23.768Z,21,Red,odd,high,783ba41d-08fa-4c4e-a980-ff412c964649,
783ba41d-08fa-4c4e-a980-ff412c964649:72,2026-07-19T21:07:26.439Z,21,Red,odd,high,783ba41d-08fa-4c4e-a980-ff412c964649,
783ba41d-08fa-4c4e-a980-ff412c964649:73,2026-07-19T21:08:16.309Z,31,Black,odd,high,783ba41d-08fa-4c4e-a980-ff412c964649,
783ba41d-08fa-4c4e-a980-ff412c964649:74,2026-07-19T21:08:57.771Z,31,Black,odd,high,783ba41d-08fa-4c4e-a980-ff412c964649,
783ba41d-08fa-4c4e-a980-ff412c964649:75,2026-07-19T21:09:55.979Z,8,Black,even,low,783ba41d-08fa-4c4e-a980-ff412c964649,
783ba41d-08fa-4c4e-a980-ff412c964649:76,2026-07-19T21:10:48.507Z,24,Black,even,high,783ba41d-08fa-4c4e-a980-ff412c964649,
783ba41d-08fa-4c4e-a980-ff412c964649:77,2026-07-19T21:11:53.638Z,19,Red,odd,high,783ba41d-08fa-4c4e-a980-ff412c964649,
783ba41d-08fa-4c4e-a980-ff412c964649:78,2026-07-19T21:12:54.118Z,30,Red,even,high,783ba41d-08fa-4c4e-a980-ff412c964649,
783ba41d-08fa-4c4e-a980-ff412c964649:79,2026-07-19T21:13:51.644Z,13,Black,odd,low,783ba41d-08fa-4c4e-a980-ff412c964649,
783ba41d-08fa-4c4e-a980-ff412c964649:80,2026-07-19T21:14:51.411Z,28,Black,even,high,783ba41d-08fa-4c4e-a980-ff412c964649,
783ba41d-08fa-4c4e-a980-ff412c964649:81,2026-07-19T21:15:50.567Z,36,Red,even,high,783ba41d-08fa-4c4e-a980-ff412c964649,
783ba41d-08fa-4c4e-a980-ff412c964649:82,2026-07-19T21:16:50.051Z,17,Black,odd,low,783ba41d-08fa-4c4e-a980-ff412c964649,
783ba41d-08fa-4c4e-a980-ff412c964649:83,2026-07-19T21:17:48.889Z,16,Red,even,low,783ba41d-08fa-4c4e-a980-ff412c964649,
783ba41d-08fa-4c4e-a980-ff412c964649:84,2026-07-19T21:18:49.303Z,16,Red,even,low,783ba41d-08fa-4c4e-a980-ff412c964649,
783ba41d-08fa-4c4e-a980-ff412c964649:85,2026-07-19T21:19:49.798Z,0,Green,Zero,Zero,783ba41d-08fa-4c4e-a980-ff412c964649,
3ac6cd24-9ed3-4f82-8192-af6948fd3ff0:1,2026-07-19T22:09:05.738Z,20,Black,even,high,3ac6cd24-9ed3-4f82-8192-af6948fd3ff0,
3ac6cd24-9ed3-4f82-8192-af6948fd3ff0:2,2026-07-19T22:09:07.286Z,6,Black,even,low,3ac6cd24-9ed3-4f82-8192-af6948fd3ff0,
3ac6cd24-9ed3-4f82-8192-af6948fd3ff0:3,2026-07-19T22:09:08.713Z,20,Black,even,high,3ac6cd24-9ed3-4f82-8192-af6948fd3ff0,
3ac6cd24-9ed3-4f82-8192-af6948fd3ff0:4,2026-07-19T22:09:58.033Z,28,Black,even,high,3ac6cd24-9ed3-4f82-8192-af6948fd3ff0,
3ac6cd24-9ed3-4f82-8192-af6948fd3ff0:5,2026-07-19T22:10:58.610Z,18,Red,even,low,3ac6cd24-9ed3-4f82-8192-af6948fd3ff0,
3ac6cd24-9ed3-4f82-8192-af6948fd3ff0:6,2026-07-19T22:11:56.854Z,24,Black,even,high,3ac6cd24-9ed3-4f82-8192-af6948fd3ff0,
3ac6cd24-9ed3-4f82-8192-af6948fd3ff0:7,2026-07-19T22:12:59.306Z,29,Black,odd,high,3ac6cd24-9ed3-4f82-8192-af6948fd3ff0,
3ac6cd24-9ed3-4f82-8192-af6948fd3ff0:8,2026-07-19T22:13:59.209Z,30,Red,even,high,3ac6cd24-9ed3-4f82-8192-af6948fd3ff0,
3ac6cd24-9ed3-4f82-8192-af6948fd3ff0:9,2026-07-19T22:14:56.323Z,15,Black,odd,low,3ac6cd24-9ed3-4f82-8192-af6948fd3ff0,
3ac6cd24-9ed3-4f82-8192-af6948fd3ff0:10,2026-07-19T22:16:13.809Z,32,Red,even,high,3ac6cd24-9ed3-4f82-8192-af6948fd3ff0,
3ac6cd24-9ed3-4f82-8192-af6948fd3ff0:11,2026-07-19T22:17:05.654Z,6,Black,even,low,3ac6cd24-9ed3-4f82-8192-af6948fd3ff0,
3ac6cd24-9ed3-4f82-8192-af6948fd3ff0:12,2026-07-19T22:17:49.310Z,35,Black,odd,high,3ac6cd24-9ed3-4f82-8192-af6948fd3ff0,
3ac6cd24-9ed3-4f82-8192-af6948fd3ff0:13,2026-07-19T22:19:16.498Z,30,Red,even,high,3ac6cd24-9ed3-4f82-8192-af6948fd3ff0,
3ac6cd24-9ed3-4f82-8192-af6948fd3ff0:14,2026-07-19T22:20:11.541Z,3,Red,odd,low,3ac6cd24-9ed3-4f82-8192-af6948fd3ff0,
3ac6cd24-9ed3-4f82-8192-af6948fd3ff0:15,2026-07-19T22:21:02.965Z,0,Green,Zero,Zero,3ac6cd24-9ed3-4f82-8192-af6948fd3ff0,
5b20f7d5-2ecd-48e4-ae97-3b79c076e162:1,2026-07-20T00:48:56.797Z,0,Green,Zero,Zero,5b20f7d5-2ecd-48e4-ae97-3b79c076e162,
5b20f7d5-2ecd-48e4-ae97-3b79c076e162:2,2026-07-20T00:48:58.095Z,9,Red,odd,low,5b20f7d5-2ecd-48e4-ae97-3b79c076e162,
5b20f7d5-2ecd-48e4-ae97-3b79c076e162:3,2026-07-20T00:48:59.585Z,34,Red,even,high,5b20f7d5-2ecd-48e4-ae97-3b79c076e162,
5b20f7d5-2ecd-48e4-ae97-3b79c076e162:4,2026-07-20T00:49:00.906Z,35,Black,odd,high,5b20f7d5-2ecd-48e4-ae97-3b79c076e162,
5b20f7d5-2ecd-48e4-ae97-3b79c076e162:5,2026-07-20T00:49:51.144Z,9,Red,odd,low,5b20f7d5-2ecd-48e4-ae97-3b79c076e162,
5b20f7d5-2ecd-48e4-ae97-3b79c076e162:6,2026-07-20T00:50:49.364Z,32,Red,even,high,5b20f7d5-2ecd-48e4-ae97-3b79c076e162,
5b20f7d5-2ecd-48e4-ae97-3b79c076e162:7,2026-07-20T00:51:44.114Z,13,Black,odd,low,5b20f7d5-2ecd-48e4-ae97-3b79c076e162,
5b20f7d5-2ecd-48e4-ae97-3b79c076e162:8,2026-07-20T00:52:38.531Z,35,Black,odd,high,5b20f7d5-2ecd-48e4-ae97-3b79c076e162,
5b20f7d5-2ecd-48e4-ae97-3b79c076e162:9,2026-07-20T00:53:33.891Z,34,Red,even,high,5b20f7d5-2ecd-48e4-ae97-3b79c076e162,
5b20f7d5-2ecd-48e4-ae97-3b79c076e162:10,2026-07-20T00:54:31.190Z,18,Red,even,low,5b20f7d5-2ecd-48e4-ae97-3b79c076e162,
5b20f7d5-2ecd-48e4-ae97-3b79c076e162:11,2026-07-20T00:55:27.197Z,9,Red,odd,low,5b20f7d5-2ecd-48e4-ae97-3b79c076e162,
5b20f7d5-2ecd-48e4-ae97-3b79c076e162:12,2026-07-20T00:56:23.088Z,1,Red,odd,low,5b20f7d5-2ecd-48e4-ae97-3b79c076e162,
5b20f7d5-2ecd-48e4-ae97-3b79c076e162:13,2026-07-20T00:57:22.930Z,35,Black,odd,high,5b20f7d5-2ecd-48e4-ae97-3b79c076e162,
5b20f7d5-2ecd-48e4-ae97-3b79c076e162:14,2026-07-20T00:58:16.935Z,17,Black,odd,low,5b20f7d5-2ecd-48e4-ae97-3b79c076e162,
5b20f7d5-2ecd-48e4-ae97-3b79c076e162:15,2026-07-20T00:59:16.932Z,15,Black,odd,low,5b20f7d5-2ecd-48e4-ae97-3b79c076e162,
5b20f7d5-2ecd-48e4-ae97-3b79c076e162:16,2026-07-20T01:00:14.353Z,27,Red,odd,high,5b20f7d5-2ecd-48e4-ae97-3b79c076e162,
5b20f7d5-2ecd-48e4-ae97-3b79c076e162:17,2026-07-20T01:01:10.624Z,17,Black,odd,low,5b20f7d5-2ecd-48e4-ae97-3b79c076e162,
5b20f7d5-2ecd-48e4-ae97-3b79c076e162:18,2026-07-20T01:02:20.608Z,2,Black,even,low,5b20f7d5-2ecd-48e4-ae97-3b79c076e162,
5b20f7d5-2ecd-48e4-ae97-3b79c076e162:19,2026-07-20T01:03:08.192Z,27,Red,odd,high,5b20f7d5-2ecd-48e4-ae97-3b79c076e162,
5b20f7d5-2ecd-48e4-ae97-3b79c076e162:20,2026-07-20T01:04:24.525Z,26,Black,even,high,5b20f7d5-2ecd-48e4-ae97-3b79c076e162,
5b20f7d5-2ecd-48e4-ae97-3b79c076e162:21,2026-07-20T01:05:06.745Z,11,Black,odd,low,5b20f7d5-2ecd-48e4-ae97-3b79c076e162,
5b20f7d5-2ecd-48e4-ae97-3b79c076e162:22,2026-07-20T01:06:02.147Z,7,Red,odd,low,5b20f7d5-2ecd-48e4-ae97-3b79c076e162,
5b20f7d5-2ecd-48e4-ae97-3b79c076e162:23,2026-07-20T01:06:57.179Z,31,Black,odd,high,5b20f7d5-2ecd-48e4-ae97-3b79c076e162,
5b20f7d5-2ecd-48e4-ae97-3b79c076e162:24,2026-07-20T01:07:49.840Z,4,Black,even,low,5b20f7d5-2ecd-48e4-ae97-3b79c076e162,
5b20f7d5-2ecd-48e4-ae97-3b79c076e162:25,2026-07-20T01:08:42.207Z,1,Red,odd,low,5b20f7d5-2ecd-48e4-ae97-3b79c076e162,
5b20f7d5-2ecd-48e4-ae97-3b79c076e162:26,2026-07-20T01:09:53.374Z,29,Black,odd,high,5b20f7d5-2ecd-48e4-ae97-3b79c076e162,
5b20f7d5-2ecd-48e4-ae97-3b79c076e162:27,2026-07-20T01:10:54.805Z,11,Black,odd,low,5b20f7d5-2ecd-48e4-ae97-3b79c076e162,
5b20f7d5-2ecd-48e4-ae97-3b79c076e162:28,2026-07-20T01:12:05.351Z,30,Red,even,high,5b20f7d5-2ecd-48e4-ae97-3b79c076e162,
583de557-dfa1-4b70-b76e-21eeac3086be:1,2026-07-20T05:31:29.133Z,7,Red,odd,low,583de557-dfa1-4b70-b76e-21eeac3086be,
583de557-dfa1-4b70-b76e-21eeac3086be:2,2026-07-20T05:31:31.617Z,22,Black,even,high,583de557-dfa1-4b70-b76e-21eeac3086be,
583de557-dfa1-4b70-b76e-21eeac3086be:3,2026-07-20T05:31:33.271Z,6,Black,even,low,583de557-dfa1-4b70-b76e-21eeac3086be,
583de557-dfa1-4b70-b76e-21eeac3086be:4,2026-07-20T05:31:47.037Z,34,Red,even,high,583de557-dfa1-4b70-b76e-21eeac3086be,
583de557-dfa1-4b70-b76e-21eeac3086be:5,2026-07-20T05:32:36.871Z,3,Red,odd,low,583de557-dfa1-4b70-b76e-21eeac3086be,
583de557-dfa1-4b70-b76e-21eeac3086be:6,2026-07-20T05:33:35.732Z,3,Red,odd,low,583de557-dfa1-4b70-b76e-21eeac3086be,
583de557-dfa1-4b70-b76e-21eeac3086be:7,2026-07-20T05:34:35.789Z,17,Black,odd,low,583de557-dfa1-4b70-b76e-21eeac3086be,
583de557-dfa1-4b70-b76e-21eeac3086be:8,2026-07-20T05:35:42.390Z,11,Black,odd,low,583de557-dfa1-4b70-b76e-21eeac3086be,
583de557-dfa1-4b70-b76e-21eeac3086be:9,2026-07-20T05:36:20.733Z,8,Black,even,low,583de557-dfa1-4b70-b76e-21eeac3086be,
583de557-dfa1-4b70-b76e-21eeac3086be:10,2026-07-20T05:38:18.273Z,27,Red,odd,high,583de557-dfa1-4b70-b76e-21eeac3086be,
583de557-dfa1-4b70-b76e-21eeac3086be:11,2026-07-20T05:39:14.199Z,17,Black,odd,low,583de557-dfa1-4b70-b76e-21eeac3086be,
583de557-dfa1-4b70-b76e-21eeac3086be:12,2026-07-20T05:40:48.487Z,2,Black,even,low,583de557-dfa1-4b70-b76e-21eeac3086be,
583de557-dfa1-4b70-b76e-21eeac3086be:13,2026-07-20T05:41:27.684Z,27,Red,odd,high,583de557-dfa1-4b70-b76e-21eeac3086be,
583de557-dfa1-4b70-b76e-21eeac3086be:14,2026-07-20T05:42:27.624Z,3,Red,odd,low,583de557-dfa1-4b70-b76e-21eeac3086be,
583de557-dfa1-4b70-b76e-21eeac3086be:15,2026-07-20T05:43:38.501Z,35,Black,odd,high,583de557-dfa1-4b70-b76e-21eeac3086be,
583de557-dfa1-4b70-b76e-21eeac3086be:16,2026-07-20T05:44:32.995Z,33,Black,odd,high,583de557-dfa1-4b70-b76e-21eeac3086be,
583de557-dfa1-4b70-b76e-21eeac3086be:17,2026-07-20T05:45:37.857Z,3,Red,odd,low,583de557-dfa1-4b70-b76e-21eeac3086be,
c4d70f77-dd4a-4a7e-92d4-d9820d55b6b2:1,2026-07-20T05:31:29.133Z,7,Red,odd,low,c4d70f77-dd4a-4a7e-92d4-d9820d55b6b2,
c4d70f77-dd4a-4a7e-92d4-d9820d55b6b2:2,2026-07-20T05:31:31.617Z,22,Black,even,high,c4d70f77-dd4a-4a7e-92d4-d9820d55b6b2,
c4d70f77-dd4a-4a7e-92d4-d9820d55b6b2:3,2026-07-20T05:31:33.271Z,6,Black,even,low,c4d70f77-dd4a-4a7e-92d4-d9820d55b6b2,
c4d70f77-dd4a-4a7e-92d4-d9820d55b6b2:4,2026-07-20T05:31:47.037Z,34,Red,even,high,c4d70f77-dd4a-4a7e-92d4-d9820d55b6b2,
c4d70f77-dd4a-4a7e-92d4-d9820d55b6b2:5,2026-07-20T05:32:36.871Z,3,Red,odd,low,c4d70f77-dd4a-4a7e-92d4-d9820d55b6b2,
c4d70f77-dd4a-4a7e-92d4-d9820d55b6b2:6,2026-07-20T05:33:35.732Z,3,Red,odd,low,c4d70f77-dd4a-4a7e-92d4-d9820d55b6b2,
c4d70f77-dd4a-4a7e-92d4-d9820d55b6b2:7,2026-07-20T05:34:35.789Z,17,Black,odd,low,c4d70f77-dd4a-4a7e-92d4-d9820d55b6b2,
c4d70f77-dd4a-4a7e-92d4-d9820d55b6b2:8,2026-07-20T05:35:42.390Z,11,Black,odd,low,c4d70f77-dd4a-4a7e-92d4-d9820d55b6b2,
c4d70f77-dd4a-4a7e-92d4-d9820d55b6b2:9,2026-07-20T05:36:20.733Z,8,Black,even,low,c4d70f77-dd4a-4a7e-92d4-d9820d55b6b2,
c4d70f77-dd4a-4a7e-92d4-d9820d55b6b2:10,2026-07-20T05:38:18.273Z,27,Red,odd,high,c4d70f77-dd4a-4a7e-92d4-d9820d55b6b2,
c4d70f77-dd4a-4a7e-92d4-d9820d55b6b2:11,2026-07-20T05:39:14.199Z,17,Black,odd,low,c4d70f77-dd4a-4a7e-92d4-d9820d55b6b2,
c4d70f77-dd4a-4a7e-92d4-d9820d55b6b2:12,2026-07-20T05:40:48.487Z,2,Black,even,low,c4d70f77-dd4a-4a7e-92d4-d9820d55b6b2,
c4d70f77-dd4a-4a7e-92d4-d9820d55b6b2:13,2026-07-20T05:41:27.684Z,27,Red,odd,high,c4d70f77-dd4a-4a7e-92d4-d9820d55b6b2,
c4d70f77-dd4a-4a7e-92d4-d9820d55b6b2:14,2026-07-20T05:42:27.624Z,3,Red,odd,low,c4d70f77-dd4a-4a7e-92d4-d9820d55b6b2,
c4d70f77-dd4a-4a7e-92d4-d9820d55b6b2:15,2026-07-20T05:43:38.501Z,35,Black,odd,high,c4d70f77-dd4a-4a7e-92d4-d9820d55b6b2,
c4d70f77-dd4a-4a7e-92d4-d9820d55b6b2:16,2026-07-20T05:44:32.995Z,33,Black,odd,high,c4d70f77-dd4a-4a7e-92d4-d9820d55b6b2,
768445f1-a344-4440-be63-fccbea92a0c4:1,2026-07-20T05:49:27.269Z,4,Black,even,low,768445f1-a344-4440-be63-fccbea92a0c4,
768445f1-a344-4440-be63-fccbea92a0c4:2,2026-07-20T05:49:29.349Z,16,Red,even,low,768445f1-a344-4440-be63-fccbea92a0c4,
768445f1-a344-4440-be63-fccbea92a0c4:3,2026-07-20T05:49:31.447Z,29,Black,odd,high,768445f1-a344-4440-be63-fccbea92a0c4,
768445f1-a344-4440-be63-fccbea92a0c4:4,2026-07-20T05:49:43.187Z,36,Red,even,high,768445f1-a344-4440-be63-fccbea92a0c4,
768445f1-a344-4440-be63-fccbea92a0c4:5,2026-07-20T05:50:28.184Z,23,Red,odd,high,768445f1-a344-4440-be63-fccbea92a0c4,
768445f1-a344-4440-be63-fccbea92a0c4:6,2026-07-20T05:51:25.703Z,8,Black,even,low,768445f1-a344-4440-be63-fccbea92a0c4,
768445f1-a344-4440-be63-fccbea92a0c4:7,2026-07-20T05:52:23.012Z,28,Black,even,high,768445f1-a344-4440-be63-fccbea92a0c4,
768445f1-a344-4440-be63-fccbea92a0c4:8,2026-07-20T05:53:19.709Z,1,Red,odd,low,768445f1-a344-4440-be63-fccbea92a0c4,
768445f1-a344-4440-be63-fccbea92a0c4:9,2026-07-20T05:54:22.497Z,24,Black,even,high,768445f1-a344-4440-be63-fccbea92a0c4,
768445f1-a344-4440-be63-fccbea92a0c4:10,2026-07-20T05:55:18.561Z,19,Red,odd,high,768445f1-a344-4440-be63-fccbea92a0c4,
768445f1-a344-4440-be63-fccbea92a0c4:11,2026-07-20T05:56:20.179Z,15,Black,odd,low,768445f1-a344-4440-be63-fccbea92a0c4,
768445f1-a344-4440-be63-fccbea92a0c4:12,2026-07-20T05:57:19.207Z,30,Red,even,high,768445f1-a344-4440-be63-fccbea92a0c4,
768445f1-a344-4440-be63-fccbea92a0c4:13,2026-07-20T05:58:21.443Z,23,Red,odd,high,768445f1-a344-4440-be63-fccbea92a0c4,
768445f1-a344-4440-be63-fccbea92a0c4:14,2026-07-20T05:59:25.954Z,35,Black,odd,high,768445f1-a344-4440-be63-fccbea92a0c4,
768445f1-a344-4440-be63-fccbea92a0c4:15,2026-07-20T06:00:20.558Z,34,Red,even,high,768445f1-a344-4440-be63-fccbea92a0c4,
768445f1-a344-4440-be63-fccbea92a0c4:16,2026-07-20T06:01:17.544Z,6,Black,even,low,768445f1-a344-4440-be63-fccbea92a0c4,
768445f1-a344-4440-be63-fccbea92a0c4:17,2026-07-20T06:02:40.131Z,9,Red,odd,low,768445f1-a344-4440-be63-fccbea92a0c4,
768445f1-a344-4440-be63-fccbea92a0c4:18,2026-07-20T06:03:17.467Z,24,Black,even,high,768445f1-a344-4440-be63-fccbea92a0c4,
768445f1-a344-4440-be63-fccbea92a0c4:19,2026-07-20T06:04:14.516Z,19,Red,odd,high,768445f1-a344-4440-be63-fccbea92a0c4,
768445f1-a344-4440-be63-fccbea92a0c4:20,2026-07-20T06:05:15.292Z,3,Red,odd,low,768445f1-a344-4440-be63-fccbea92a0c4,
768445f1-a344-4440-be63-fccbea92a0c4:21,2026-07-20T06:06:16.545Z,35,Black,odd,high,768445f1-a344-4440-be63-fccbea92a0c4,
768445f1-a344-4440-be63-fccbea92a0c4:22,2026-07-20T06:07:10.379Z,34,Red,even,high,768445f1-a344-4440-be63-fccbea92a0c4,
768445f1-a344-4440-be63-fccbea92a0c4:23,2026-07-20T06:08:07.786Z,21,Red,odd,high,768445f1-a344-4440-be63-fccbea92a0c4,
768445f1-a344-4440-be63-fccbea92a0c4:24,2026-07-20T06:09:06.556Z,35,Black,odd,high,768445f1-a344-4440-be63-fccbea92a0c4,
768445f1-a344-4440-be63-fccbea92a0c4:25,2026-07-20T06:10:18.306Z,22,Black,even,high,768445f1-a344-4440-be63-fccbea92a0c4,
768445f1-a344-4440-be63-fccbea92a0c4:26,2026-07-20T06:11:22.356Z,4,Black,even,low,768445f1-a344-4440-be63-fccbea92a0c4,
768445f1-a344-4440-be63-fccbea92a0c4:27,2026-07-20T06:12:21.492Z,13,Black,odd,low,768445f1-a344-4440-be63-fccbea92a0c4,
768445f1-a344-4440-be63-fccbea92a0c4:28,2026-07-20T06:13:08.170Z,14,Red,even,low,768445f1-a344-4440-be63-fccbea92a0c4,
768445f1-a344-4440-be63-fccbea92a0c4:29,2026-07-20T06:14:06.678Z,23,Red,odd,high,768445f1-a344-4440-be63-fccbea92a0c4,
768445f1-a344-4440-be63-fccbea92a0c4:30,2026-07-20T06:15:05.470Z,36,Red,even,high,768445f1-a344-4440-be63-fccbea92a0c4,
768445f1-a344-4440-be63-fccbea92a0c4:31,2026-07-20T06:15:58.080Z,0,Green,Zero,Zero,768445f1-a344-4440-be63-fccbea92a0c4,
768445f1-a344-4440-be63-fccbea92a0c4:32,2026-07-20T06:16:56.119Z,31,Black,odd,high,768445f1-a344-4440-be63-fccbea92a0c4,
768445f1-a344-4440-be63-fccbea92a0c4:33,2026-07-20T06:17:48.505Z,3,Red,odd,low,768445f1-a344-4440-be63-fccbea92a0c4,
768445f1-a344-4440-be63-fccbea92a0c4:34,2026-07-20T06:18:41.703Z,4,Black,even,low,768445f1-a344-4440-be63-fccbea92a0c4,
768445f1-a344-4440-be63-fccbea92a0c4:35,2026-07-20T06:19:42.917Z,33,Black,odd,high,768445f1-a344-4440-be63-fccbea92a0c4,
768445f1-a344-4440-be63-fccbea92a0c4:36,2026-07-20T06:21:01.285Z,17,Black,odd,low,768445f1-a344-4440-be63-fccbea92a0c4,
768445f1-a344-4440-be63-fccbea92a0c4:37,2026-07-20T06:21:37.800Z,6,Black,even,low,768445f1-a344-4440-be63-fccbea92a0c4,
768445f1-a344-4440-be63-fccbea92a0c4:38,2026-07-20T06:22:32.981Z,14,Red,even,low,768445f1-a344-4440-be63-fccbea92a0c4,
768445f1-a344-4440-be63-fccbea92a0c4:39,2026-07-20T06:23:27.946Z,18,Red,even,low,768445f1-a344-4440-be63-fccbea92a0c4,
768445f1-a344-4440-be63-fccbea92a0c4:40,2026-07-20T06:24:25.772Z,4,Black,even,low,768445f1-a344-4440-be63-fccbea92a0c4,
768445f1-a344-4440-be63-fccbea92a0c4:41,2026-07-20T06:25:21.698Z,23,Red,odd,high,768445f1-a344-4440-be63-fccbea92a0c4,
768445f1-a344-4440-be63-fccbea92a0c4:42,2026-07-20T06:26:15.217Z,15,Black,odd,low,768445f1-a344-4440-be63-fccbea92a0c4,
768445f1-a344-4440-be63-fccbea92a0c4:43,2026-07-20T06:27:12.608Z,15,Black,odd,low,768445f1-a344-4440-be63-fccbea92a0c4,
768445f1-a344-4440-be63-fccbea92a0c4:44,2026-07-20T06:28:20.777Z,10,Black,even,low,768445f1-a344-4440-be63-fccbea92a0c4,
768445f1-a344-4440-be63-fccbea92a0c4:45,2026-07-20T06:29:44.035Z,21,Red,odd,high,768445f1-a344-4440-be63-fccbea92a0c4,
768445f1-a344-4440-be63-fccbea92a0c4:46,2026-07-20T06:30:17.529Z,17,Black,odd,low,768445f1-a344-4440-be63-fccbea92a0c4,
768445f1-a344-4440-be63-fccbea92a0c4:47,2026-07-20T06:31:37.932Z,34,Red,even,high,768445f1-a344-4440-be63-fccbea92a0c4,
de9c105d-6e53-411e-8cfd-8fe7580a5f13:1,2026-07-20T05:49:27.269Z,4,Black,even,low,de9c105d-6e53-411e-8cfd-8fe7580a5f13,
de9c105d-6e53-411e-8cfd-8fe7580a5f13:2,2026-07-20T05:49:29.349Z,16,Red,even,low,de9c105d-6e53-411e-8cfd-8fe7580a5f13,
de9c105d-6e53-411e-8cfd-8fe7580a5f13:3,2026-07-20T05:49:31.447Z,29,Black,odd,high,de9c105d-6e53-411e-8cfd-8fe7580a5f13,
de9c105d-6e53-411e-8cfd-8fe7580a5f13:4,2026-07-20T05:49:43.187Z,36,Red,even,high,de9c105d-6e53-411e-8cfd-8fe7580a5f13,
de9c105d-6e53-411e-8cfd-8fe7580a5f13:5,2026-07-20T05:50:28.184Z,23,Red,odd,high,de9c105d-6e53-411e-8cfd-8fe7580a5f13,
de9c105d-6e53-411e-8cfd-8fe7580a5f13:6,2026-07-20T05:51:25.703Z,8,Black,even,low,de9c105d-6e53-411e-8cfd-8fe7580a5f13,
de9c105d-6e53-411e-8cfd-8fe7580a5f13:7,2026-07-20T05:52:23.012Z,28,Black,even,high,de9c105d-6e53-411e-8cfd-8fe7580a5f13,
0ce40b61-f316-48bd-a6c6-59d18a09691e:1,2026-07-21T01:12:04.433Z,36,Red,even,high,0ce40b61-f316-48bd-a6c6-59d18a09691e,
0ce40b61-f316-48bd-a6c6-59d18a09691e:2,2026-07-21T01:12:06.449Z,27,Red,odd,high,0ce40b61-f316-48bd-a6c6-59d18a09691e,
0ce40b61-f316-48bd-a6c6-59d18a09691e:3,2026-07-21T01:12:08.046Z,33,Black,odd,high,0ce40b61-f316-48bd-a6c6-59d18a09691e,
0ce40b61-f316-48bd-a6c6-59d18a09691e:4,2026-07-21T01:12:44.087Z,7,Red,odd,low,0ce40b61-f316-48bd-a6c6-59d18a09691e,
0ce40b61-f316-48bd-a6c6-59d18a09691e:5,2026-07-21T01:15:00.829Z,25,Red,odd,high,0ce40b61-f316-48bd-a6c6-59d18a09691e,
0ce40b61-f316-48bd-a6c6-59d18a09691e:6,2026-07-21T01:15:09.174Z,31,Black,odd,high,0ce40b61-f316-48bd-a6c6-59d18a09691e,
0ce40b61-f316-48bd-a6c6-59d18a09691e:7,2026-07-21T01:15:11.752Z,32,Red,even,high,0ce40b61-f316-48bd-a6c6-59d18a09691e,
0ce40b61-f316-48bd-a6c6-59d18a09691e:8,2026-07-21T01:15:40.115Z,21,Red,odd,high,0ce40b61-f316-48bd-a6c6-59d18a09691e,
72369f7f-8672-4361-90ce-750e8f9e7245:1,2026-07-21T01:12:04.433Z,36,Red,even,high,72369f7f-8672-4361-90ce-750e8f9e7245,
72369f7f-8672-4361-90ce-750e8f9e7245:2,2026-07-21T01:12:06.449Z,27,Red,odd,high,72369f7f-8672-4361-90ce-750e8f9e7245,
72369f7f-8672-4361-90ce-750e8f9e7245:3,2026-07-21T01:12:08.046Z,33,Black,odd,high,72369f7f-8672-4361-90ce-750e8f9e7245,
72369f7f-8672-4361-90ce-750e8f9e7245:4,2026-07-21T01:12:44.087Z,7,Red,odd,low,72369f7f-8672-4361-90ce-750e8f9e7245,
72369f7f-8672-4361-90ce-750e8f9e7245:5,2026-07-21T01:15:00.829Z,25,Red,odd,high,72369f7f-8672-4361-90ce-750e8f9e7245,
72369f7f-8672-4361-90ce-750e8f9e7245:6,2026-07-21T01:15:09.174Z,31,Black,odd,high,72369f7f-8672-4361-90ce-750e8f9e7245,
72369f7f-8672-4361-90ce-750e8f9e7245:7,2026-07-21T01:15:11.752Z,32,Red,even,high,72369f7f-8672-4361-90ce-750e8f9e7245,
2e09ca17-f19d-4514-89db-b3b672dd7da3:1,2026-07-21T01:16:04.502Z,31,Black,odd,high,2e09ca17-f19d-4514-89db-b3b672dd7da3,
2e09ca17-f19d-4514-89db-b3b672dd7da3:2,2026-07-21T01:16:05.993Z,32,Red,even,high,2e09ca17-f19d-4514-89db-b3b672dd7da3,
2e09ca17-f19d-4514-89db-b3b672dd7da3:3,2026-07-21T01:16:08.682Z,21,Red,odd,high,2e09ca17-f19d-4514-89db-b3b672dd7da3,
2e09ca17-f19d-4514-89db-b3b672dd7da3:4,2026-07-21T01:16:20.330Z,2,Black,even,low,2e09ca17-f19d-4514-89db-b3b672dd7da3,
2e09ca17-f19d-4514-89db-b3b672dd7da3:5,2026-07-21T01:17:08.397Z,36,Red,even,high,2e09ca17-f19d-4514-89db-b3b672dd7da3,
2e09ca17-f19d-4514-89db-b3b672dd7da3:6,2026-07-21T01:17:50.081Z,15,Black,odd,low,2e09ca17-f19d-4514-89db-b3b672dd7da3,
2e09ca17-f19d-4514-89db-b3b672dd7da3:7,2026-07-21T01:18:33.127Z,10,Black,even,low,2e09ca17-f19d-4514-89db-b3b672dd7da3,
2e09ca17-f19d-4514-89db-b3b672dd7da3:8,2026-07-21T01:19:23.720Z,36,Red,even,high,2e09ca17-f19d-4514-89db-b3b672dd7da3,
2e09ca17-f19d-4514-89db-b3b672dd7da3:9,2026-07-21T01:20:03.556Z,5,Red,odd,low,2e09ca17-f19d-4514-89db-b3b672dd7da3,
2e09ca17-f19d-4514-89db-b3b672dd7da3:10,2026-07-21T01:20:48.161Z,6,Black,even,low,2e09ca17-f19d-4514-89db-b3b672dd7da3,
2e09ca17-f19d-4514-89db-b3b672dd7da3:11,2026-07-21T01:21:29.805Z,5,Red,odd,low,2e09ca17-f19d-4514-89db-b3b672dd7da3,
2e09ca17-f19d-4514-89db-b3b672dd7da3:12,2026-07-21T01:22:15.388Z,26,Black,even,high,2e09ca17-f19d-4514-89db-b3b672dd7da3,
2e09ca17-f19d-4514-89db-b3b672dd7da3:13,2026-07-21T01:22:57.575Z,30,Red,even,high,2e09ca17-f19d-4514-89db-b3b672dd7da3,
2e09ca17-f19d-4514-89db-b3b672dd7da3:14,2026-07-21T01:23:42.753Z,18,Red,even,low,2e09ca17-f19d-4514-89db-b3b672dd7da3,
2e09ca17-f19d-4514-89db-b3b672dd7da3:15,2026-07-21T01:24:22.851Z,26,Black,even,high,2e09ca17-f19d-4514-89db-b3b672dd7da3,
2e09ca17-f19d-4514-89db-b3b672dd7da3:16,2026-07-21T01:25:06.849Z,9,Red,odd,low,2e09ca17-f19d-4514-89db-b3b672dd7da3,
2e09ca17-f19d-4514-89db-b3b672dd7da3:17,2026-07-21T01:25:51.421Z,11,Black,odd,low,2e09ca17-f19d-4514-89db-b3b672dd7da3,
2e09ca17-f19d-4514-89db-b3b672dd7da3:18,2026-07-21T01:26:35.317Z,18,Red,even,low,2e09ca17-f19d-4514-89db-b3b672dd7da3,
2e09ca17-f19d-4514-89db-b3b672dd7da3:19,2026-07-21T01:27:19.609Z,19,Red,odd,high,2e09ca17-f19d-4514-89db-b3b672dd7da3,
2e09ca17-f19d-4514-89db-b3b672dd7da3:20,2026-07-21T01:28:03.965Z,33,Black,odd,high,2e09ca17-f19d-4514-89db-b3b672dd7da3,
2e09ca17-f19d-4514-89db-b3b672dd7da3:21,2026-07-21T01:28:47.844Z,0,Green,Zero,Zero,2e09ca17-f19d-4514-89db-b3b672dd7da3,
2e09ca17-f19d-4514-89db-b3b672dd7da3:22,2026-07-21T01:29:35.232Z,14,Red,even,low,2e09ca17-f19d-4514-89db-b3b672dd7da3,
2e09ca17-f19d-4514-89db-b3b672dd7da3:23,2026-07-21T01:30:16.421Z,35,Black,odd,high,2e09ca17-f19d-4514-89db-b3b672dd7da3,
2e09ca17-f19d-4514-89db-b3b672dd7da3:24,2026-07-21T01:31:02.098Z,27,Red,odd,high,2e09ca17-f19d-4514-89db-b3b672dd7da3,
2e09ca17-f19d-4514-89db-b3b672dd7da3:25,2026-07-21T01:31:46.565Z,1,Red,odd,low,2e09ca17-f19d-4514-89db-b3b672dd7da3,
2e09ca17-f19d-4514-89db-b3b672dd7da3:26,2026-07-21T01:32:31.008Z,34,Red,even,high,2e09ca17-f19d-4514-89db-b3b672dd7da3,
2e09ca17-f19d-4514-89db-b3b672dd7da3:27,2026-07-21T01:33:15.358Z,35,Black,odd,high,2e09ca17-f19d-4514-89db-b3b672dd7da3,
2e09ca17-f19d-4514-89db-b3b672dd7da3:28,2026-07-21T01:34:03.249Z,1,Red,odd,low,2e09ca17-f19d-4514-89db-b3b672dd7da3,
2e09ca17-f19d-4514-89db-b3b672dd7da3:29,2026-07-21T01:34:43.669Z,7,Red,odd,low,2e09ca17-f19d-4514-89db-b3b672dd7da3,
2e09ca17-f19d-4514-89db-b3b672dd7da3:30,2026-07-21T01:35:33.235Z,19,Red,odd,high,2e09ca17-f19d-4514-89db-b3b672dd7da3,
2e09ca17-f19d-4514-89db-b3b672dd7da3:31,2026-07-21T01:36:17.734Z,34,Red,even,high,2e09ca17-f19d-4514-89db-b3b672dd7da3,
2e09ca17-f19d-4514-89db-b3b672dd7da3:32,2026-07-21T01:36:59.599Z,35,Black,odd,high,2e09ca17-f19d-4514-89db-b3b672dd7da3,
2e09ca17-f19d-4514-89db-b3b672dd7da3:33,2026-07-21T01:37:46.783Z,28,Black,even,high,2e09ca17-f19d-4514-89db-b3b672dd7da3,
2e09ca17-f19d-4514-89db-b3b672dd7da3:34,2026-07-21T01:38:30.761Z,0,Green,Zero,Zero,2e09ca17-f19d-4514-89db-b3b672dd7da3,
2e09ca17-f19d-4514-89db-b3b672dd7da3:35,2026-07-21T01:39:15.312Z,33,Black,odd,high,2e09ca17-f19d-4514-89db-b3b672dd7da3,
2e09ca17-f19d-4514-89db-b3b672dd7da3:36,2026-07-21T01:39:59.644Z,19,Red,odd,high,2e09ca17-f19d-4514-89db-b3b672dd7da3,
2e09ca17-f19d-4514-89db-b3b672dd7da3:37,2026-07-21T01:40:38.696Z,4,Black,even,low,2e09ca17-f19d-4514-89db-b3b672dd7da3,
2e09ca17-f19d-4514-89db-b3b672dd7da3:38,2026-07-21T01:41:24.087Z,23,Red,odd,high,2e09ca17-f19d-4514-89db-b3b672dd7da3,
2e09ca17-f19d-4514-89db-b3b672dd7da3:39,2026-07-21T01:42:08.560Z,23,Red,odd,high,2e09ca17-f19d-4514-89db-b3b672dd7da3,
2e09ca17-f19d-4514-89db-b3b672dd7da3:40,2026-07-21T01:42:52.116Z,20,Black,even,high,2e09ca17-f19d-4514-89db-b3b672dd7da3,
2e09ca17-f19d-4514-89db-b3b672dd7da3:41,2026-07-21T01:43:37.681Z,9,Red,odd,low,2e09ca17-f19d-4514-89db-b3b672dd7da3,
2e09ca17-f19d-4514-89db-b3b672dd7da3:42,2026-07-21T01:44:22.098Z,13,Black,odd,low,2e09ca17-f19d-4514-89db-b3b672dd7da3,
2e09ca17-f19d-4514-89db-b3b672dd7da3:43,2026-07-21T01:45:07.784Z,15,Black,odd,low,2e09ca17-f19d-4514-89db-b3b672dd7da3,
2e09ca17-f19d-4514-89db-b3b672dd7da3:44,2026-07-21T01:45:53.277Z,4,Black,even,low,2e09ca17-f19d-4514-89db-b3b672dd7da3,
2e09ca17-f19d-4514-89db-b3b672dd7da3:45,2026-07-21T01:46:38.630Z,15,Black,odd,low,2e09ca17-f19d-4514-89db-b3b672dd7da3,
2e09ca17-f19d-4514-89db-b3b672dd7da3:46,2026-07-21T01:47:24.001Z,16,Red,even,low,2e09ca17-f19d-4514-89db-b3b672dd7da3,
2e09ca17-f19d-4514-89db-b3b672dd7da3:47,2026-07-21T01:48:07.958Z,28,Black,even,high,2e09ca17-f19d-4514-89db-b3b672dd7da3,
2e09ca17-f19d-4514-89db-b3b672dd7da3:48,2026-07-21T01:48:54.727Z,2,Black,even,low,2e09ca17-f19d-4514-89db-b3b672dd7da3,
2e09ca17-f19d-4514-89db-b3b672dd7da3:49,2026-07-21T01:49:36.608Z,29,Black,odd,high,2e09ca17-f19d-4514-89db-b3b672dd7da3,
2e09ca17-f19d-4514-89db-b3b672dd7da3:50,2026-07-21T01:50:19.908Z,30,Red,even,high,2e09ca17-f19d-4514-89db-b3b672dd7da3,
2e09ca17-f19d-4514-89db-b3b672dd7da3:51,2026-07-21T01:51:04.366Z,9,Red,odd,low,2e09ca17-f19d-4514-89db-b3b672dd7da3,
2e09ca17-f19d-4514-89db-b3b672dd7da3:52,2026-07-21T01:51:49.202Z,0,Green,Zero,Zero,2e09ca17-f19d-4514-89db-b3b672dd7da3,
2e09ca17-f19d-4514-89db-b3b672dd7da3:53,2026-07-21T01:52:35.398Z,4,Black,even,low,2e09ca17-f19d-4514-89db-b3b672dd7da3,
2e09ca17-f19d-4514-89db-b3b672dd7da3:54,2026-07-21T01:53:20.487Z,31,Black,odd,high,2e09ca17-f19d-4514-89db-b3b672dd7da3,
2e09ca17-f19d-4514-89db-b3b672dd7da3:55,2026-07-21T01:54:03.660Z,11,Black,odd,low,2e09ca17-f19d-4514-89db-b3b672dd7da3,
2e09ca17-f19d-4514-89db-b3b672dd7da3:56,2026-07-21T01:54:49.188Z,36,Red,even,high,2e09ca17-f19d-4514-89db-b3b672dd7da3,
2e09ca17-f19d-4514-89db-b3b672dd7da3:57,2026-07-21T01:55:33.861Z,14,Red,even,low,2e09ca17-f19d-4514-89db-b3b672dd7da3,
2e09ca17-f19d-4514-89db-b3b672dd7da3:58,2026-07-21T01:56:16.355Z,17,Black,odd,low,2e09ca17-f19d-4514-89db-b3b672dd7da3,
2e09ca17-f19d-4514-89db-b3b672dd7da3:59,2026-07-21T01:57:00.527Z,32,Red,even,high,2e09ca17-f19d-4514-89db-b3b672dd7da3,
2e09ca17-f19d-4514-89db-b3b672dd7da3:60,2026-07-21T01:57:44.113Z,3,Red,odd,low,2e09ca17-f19d-4514-89db-b3b672dd7da3,
2e09ca17-f19d-4514-89db-b3b672dd7da3:61,2026-07-21T01:58:34.420Z,34,Red,even,high,2e09ca17-f19d-4514-89db-b3b672dd7da3,
2e09ca17-f19d-4514-89db-b3b672dd7da3:62,2026-07-21T01:59:14.544Z,5,Red,odd,low,2e09ca17-f19d-4514-89db-b3b672dd7da3,
2e09ca17-f19d-4514-89db-b3b672dd7da3:63,2026-07-21T02:00:00.945Z,21,Red,odd,high,2e09ca17-f19d-4514-89db-b3b672dd7da3,
2e09ca17-f19d-4514-89db-b3b672dd7da3:64,2026-07-21T02:00:45.171Z,21,Red,odd,high,2e09ca17-f19d-4514-89db-b3b672dd7da3,
2e09ca17-f19d-4514-89db-b3b672dd7da3:65,2026-07-21T02:01:29.860Z,1,Red,odd,low,2e09ca17-f19d-4514-89db-b3b672dd7da3,
2e09ca17-f19d-4514-89db-b3b672dd7da3:66,2026-07-21T02:02:14.516Z,22,Black,even,high,2e09ca17-f19d-4514-89db-b3b672dd7da3,
2e09ca17-f19d-4514-89db-b3b672dd7da3:67,2026-07-21T02:02:59.845Z,2,Black,even,low,2e09ca17-f19d-4514-89db-b3b672dd7da3,
2e09ca17-f19d-4514-89db-b3b672dd7da3:68,2026-07-21T02:03:43.021Z,30,Red,even,high,2e09ca17-f19d-4514-89db-b3b672dd7da3,
2e09ca17-f19d-4514-89db-b3b672dd7da3:69,2026-07-21T02:04:27.916Z,0,Green,Zero,Zero,2e09ca17-f19d-4514-89db-b3b672dd7da3,
2e09ca17-f19d-4514-89db-b3b672dd7da3:70,2026-07-21T02:05:12.777Z,34,Red,even,high,2e09ca17-f19d-4514-89db-b3b672dd7da3,
2e09ca17-f19d-4514-89db-b3b672dd7da3:71,2026-07-21T02:05:59.152Z,6,Black,even,low,2e09ca17-f19d-4514-89db-b3b672dd7da3,
2e09ca17-f19d-4514-89db-b3b672dd7da3:72,2026-07-21T02:06:45.731Z,29,Black,odd,high,2e09ca17-f19d-4514-89db-b3b672dd7da3,
2e09ca17-f19d-4514-89db-b3b672dd7da3:73,2026-07-21T02:07:30.145Z,22,Black,even,high,2e09ca17-f19d-4514-89db-b3b672dd7da3,1490
2f75190d-aeaa-4f18-824d-d53fb0783322:1,2026-07-22T03:43:58.142Z,7,Red,odd,low,2f75190d-aeaa-4f18-824d-d53fb0783322,
2f75190d-aeaa-4f18-824d-d53fb0783322:2,2026-07-22T03:56:42.170Z,14,Red,even,low,2f75190d-aeaa-4f18-824d-d53fb0783322,
2f91a150-4126-480d-a9d9-c438284f44ae:1,2026-07-22T04:07:27.762Z,9,Red,odd,low,2f91a150-4126-480d-a9d9-c438284f44ae,
2f91a150-4126-480d-a9d9-c438284f44ae:2,2026-07-22T04:07:30.470Z,9,Red,odd,low,2f91a150-4126-480d-a9d9-c438284f44ae,
2f91a150-4126-480d-a9d9-c438284f44ae:3,2026-07-22T04:07:32.539Z,9,Red,odd,low,2f91a150-4126-480d-a9d9-c438284f44ae,
2f91a150-4126-480d-a9d9-c438284f44ae:4,2026-07-22T04:07:34.092Z,9,Red,odd,low,2f91a150-4126-480d-a9d9-c438284f44ae,
2f91a150-4126-480d-a9d9-c438284f44ae:5,2026-07-22T04:07:38.529Z,9,Red,odd,low,2f91a150-4126-480d-a9d9-c438284f44ae,
2f91a150-4126-480d-a9d9-c438284f44ae:6,2026-07-22T04:07:40.253Z,9,Red,odd,low,2f91a150-4126-480d-a9d9-c438284f44ae,
2f91a150-4126-480d-a9d9-c438284f44ae:7,2026-07-22T04:08:21.316Z,9,Red,odd,low,2f91a150-4126-480d-a9d9-c438284f44ae,
2f91a150-4126-480d-a9d9-c438284f44ae:8,2026-07-22T04:08:23.765Z,9,Red,odd,low,2f91a150-4126-480d-a9d9-c438284f44ae,
2f91a150-4126-480d-a9d9-c438284f44ae:9,2026-07-22T04:08:27.627Z,9,Red,odd,low,2f91a150-4126-480d-a9d9-c438284f44ae,
2f91a150-4126-480d-a9d9-c438284f44ae:10,2026-07-22T04:09:07.875Z,9,Red,odd,low,2f91a150-4126-480d-a9d9-c438284f44ae,
2f91a150-4126-480d-a9d9-c438284f44ae:11,2026-07-22T04:11:21.429Z,9,Red,odd,low,2f91a150-4126-480d-a9d9-c438284f44ae,
2f91a150-4126-480d-a9d9-c438284f44ae:12,2026-07-22T04:20:51.861Z,9,Red,odd,low,2f91a150-4126-480d-a9d9-c438284f44ae,
2f91a150-4126-480d-a9d9-c438284f44ae:13,2026-07-22T04:20:54.098Z,9,Red,odd,low,2f91a150-4126-480d-a9d9-c438284f44ae,
2f91a150-4126-480d-a9d9-c438284f44ae:14,2026-07-22T04:20:55.870Z,9,Red,odd,low,2f91a150-4126-480d-a9d9-c438284f44ae,
2f91a150-4126-480d-a9d9-c438284f44ae:15,2026-07-22T04:21:03.251Z,9,Red,odd,low,2f91a150-4126-480d-a9d9-c438284f44ae,
2f91a150-4126-480d-a9d9-c438284f44ae:16,2026-07-22T04:21:05.351Z,9,Red,odd,low,2f91a150-4126-480d-a9d9-c438284f44ae,
2f91a150-4126-480d-a9d9-c438284f44ae:17,2026-07-22T04:21:12.828Z,3,Red,odd,low,2f91a150-4126-480d-a9d9-c438284f44ae,
2f91a150-4126-480d-a9d9-c438284f44ae:18,2026-07-22T04:21:38.750Z,36,Red,even,high,2f91a150-4126-480d-a9d9-c438284f44ae,
8ebe88e3-e4b4-41ee-866f-235da7351e28:1,2026-07-22T04:27:32.703Z,1,Red,odd,low,8ebe88e3-e4b4-41ee-866f-235da7351e28,
8ebe88e3-e4b4-41ee-866f-235da7351e28:2,2026-07-22T04:27:35.863Z,5,Red,odd,low,8ebe88e3-e4b4-41ee-866f-235da7351e28,
8ebe88e3-e4b4-41ee-866f-235da7351e28:3,2026-07-22T04:34:05.926Z,28,Black,even,high,8ebe88e3-e4b4-41ee-866f-235da7351e28,
8ebe88e3-e4b4-41ee-866f-235da7351e28:4,2026-07-22T04:34:13.218Z,33,Black,odd,high,8ebe88e3-e4b4-41ee-866f-235da7351e28,
8ebe88e3-e4b4-41ee-866f-235da7351e28:5,2026-07-22T04:34:20.617Z,17,Black,odd,low,8ebe88e3-e4b4-41ee-866f-235da7351e28,
8ebe88e3-e4b4-41ee-866f-235da7351e28:6,2026-07-22T04:34:26.106Z,17,Black,odd,low,8ebe88e3-e4b4-41ee-866f-235da7351e28,
8ebe88e3-e4b4-41ee-866f-235da7351e28:7,2026-07-22T04:34:36.575Z,16,Red,even,low,8ebe88e3-e4b4-41ee-866f-235da7351e28,
8ebe88e3-e4b4-41ee-866f-235da7351e28:8,2026-07-22T04:34:42.239Z,28,Black,even,high,8ebe88e3-e4b4-41ee-866f-235da7351e28,
8ebe88e3-e4b4-41ee-866f-235da7351e28:9,2026-07-22T04:35:11.606Z,2,Black,even,low,8ebe88e3-e4b4-41ee-866f-235da7351e28,
8ebe88e3-e4b4-41ee-866f-235da7351e28:10,2026-07-22T04:35:16.979Z,6,Black,even,low,8ebe88e3-e4b4-41ee-866f-235da7351e28,
8ebe88e3-e4b4-41ee-866f-235da7351e28:11,2026-07-22T04:36:58.879Z,7,Red,odd,low,8ebe88e3-e4b4-41ee-866f-235da7351e28,
8ebe88e3-e4b4-41ee-866f-235da7351e28:12,2026-07-22T04:37:05.101Z,15,Black,odd,low,8ebe88e3-e4b4-41ee-866f-235da7351e28,
a057a61d-5eb7-47a0-8f80-69060362c787:1,2026-07-22T04:27:32.703Z,1,Red,odd,low,a057a61d-5eb7-47a0-8f80-69060362c787,
a057a61d-5eb7-47a0-8f80-69060362c787:2,2026-07-22T04:27:35.863Z,5,Red,odd,low,a057a61d-5eb7-47a0-8f80-69060362c787,
a057a61d-5eb7-47a0-8f80-69060362c787:3,2026-07-22T04:34:05.926Z,28,Black,even,high,a057a61d-5eb7-47a0-8f80-69060362c787,
a057a61d-5eb7-47a0-8f80-69060362c787:4,2026-07-22T04:34:13.218Z,33,Black,odd,high,a057a61d-5eb7-47a0-8f80-69060362c787,
a057a61d-5eb7-47a0-8f80-69060362c787:5,2026-07-22T04:34:20.617Z,17,Black,odd,low,a057a61d-5eb7-47a0-8f80-69060362c787,
a057a61d-5eb7-47a0-8f80-69060362c787:6,2026-07-22T04:34:26.106Z,17,Black,odd,low,a057a61d-5eb7-47a0-8f80-69060362c787,
a057a61d-5eb7-47a0-8f80-69060362c787:7,2026-07-22T04:34:36.575Z,16,Red,even,low,a057a61d-5eb7-47a0-8f80-69060362c787,
a057a61d-5eb7-47a0-8f80-69060362c787:8,2026-07-22T04:34:42.239Z,28,Black,even,high,a057a61d-5eb7-47a0-8f80-69060362c787,
a057a61d-5eb7-47a0-8f80-69060362c787:9,2026-07-22T04:35:11.606Z,2,Black,even,low,a057a61d-5eb7-47a0-8f80-69060362c787,
a057a61d-5eb7-47a0-8f80-69060362c787:10,2026-07-22T04:35:16.979Z,6,Black,even,low,a057a61d-5eb7-47a0-8f80-69060362c787,
a057a61d-5eb7-47a0-8f80-69060362c787:11,2026-07-22T04:36:58.879Z,7,Red,odd,low,a057a61d-5eb7-47a0-8f80-69060362c787,
4f79e81a-a2e0-4e1c-87dd-1ecacf4d2554:1,2026-07-22T06:14:45.491Z,6,Black,even,low,4f79e81a-a2e0-4e1c-87dd-1ecacf4d2554,
4f79e81a-a2e0-4e1c-87dd-1ecacf4d2554:2,2026-07-22T06:15:09.161Z,18,Red,even,low,4f79e81a-a2e0-4e1c-87dd-1ecacf4d2554,
4f79e81a-a2e0-4e1c-87dd-1ecacf4d2554:3,2026-07-22T06:15:58.101Z,36,Red,even,high,4f79e81a-a2e0-4e1c-87dd-1ecacf4d2554,
4f79e81a-a2e0-4e1c-87dd-1ecacf4d2554:4,2026-07-22T06:16:59.130Z,22,Black,even,high,4f79e81a-a2e0-4e1c-87dd-1ecacf4d2554,
4f79e81a-a2e0-4e1c-87dd-1ecacf4d2554:5,2026-07-22T06:17:56.610Z,17,Black,odd,low,4f79e81a-a2e0-4e1c-87dd-1ecacf4d2554,
4f79e81a-a2e0-4e1c-87dd-1ecacf4d2554:6,2026-07-22T06:18:56.263Z,29,Black,odd,high,4f79e81a-a2e0-4e1c-87dd-1ecacf4d2554,
4f79e81a-a2e0-4e1c-87dd-1ecacf4d2554:7,2026-07-22T06:19:54.426Z,10,Black,even,low,4f79e81a-a2e0-4e1c-87dd-1ecacf4d2554,
4f79e81a-a2e0-4e1c-87dd-1ecacf4d2554:8,2026-07-22T06:20:54.555Z,7,Red,odd,low,4f79e81a-a2e0-4e1c-87dd-1ecacf4d2554,
4f79e81a-a2e0-4e1c-87dd-1ecacf4d2554:9,2026-07-22T06:21:55.854Z,19,Red,odd,high,4f79e81a-a2e0-4e1c-87dd-1ecacf4d2554,
4f79e81a-a2e0-4e1c-87dd-1ecacf4d2554:10,2026-07-22T06:22:50.694Z,18,Red,even,low,4f79e81a-a2e0-4e1c-87dd-1ecacf4d2554,
4f79e81a-a2e0-4e1c-87dd-1ecacf4d2554:11,2026-07-22T06:23:47.905Z,10,Black,even,low,4f79e81a-a2e0-4e1c-87dd-1ecacf4d2554,
4f79e81a-a2e0-4e1c-87dd-1ecacf4d2554:12,2026-07-22T06:24:43.410Z,35,Black,odd,high,4f79e81a-a2e0-4e1c-87dd-1ecacf4d2554,
4f79e81a-a2e0-4e1c-87dd-1ecacf4d2554:12,2026-07-22T06:24:43.410Z,35,Black,odd,high,4f79e81a-a2e0-4e1c-87dd-1ecacf4d2554,
4f79e81a-a2e0-4e1c-87dd-1ecacf4d2554:13,2026-07-22T06:25:44.709Z,25,Red,odd,high,4f79e81a-a2e0-4e1c-87dd-1ecacf4d2554,
b850cb93-9ed9-451f-bb23-25889a6e2bfe:1,2026-07-22T06:14:45.491Z,6,Black,even,low,b850cb93-9ed9-451f-bb23-25889a6e2bfe,
b850cb93-9ed9-451f-bb23-25889a6e2bfe:2,2026-07-22T06:15:09.161Z,18,Red,even,low,b850cb93-9ed9-451f-bb23-25889a6e2bfe,
b850cb93-9ed9-451f-bb23-25889a6e2bfe:3,2026-07-22T06:15:58.101Z,36,Red,even,high,b850cb93-9ed9-451f-bb23-25889a6e2bfe,
b850cb93-9ed9-451f-bb23-25889a6e2bfe:4,2026-07-22T06:16:59.130Z,22,Black,even,high,b850cb93-9ed9-451f-bb23-25889a6e2bfe,
b850cb93-9ed9-451f-bb23-25889a6e2bfe:5,2026-07-22T06:17:56.610Z,17,Black,odd,low,b850cb93-9ed9-451f-bb23-25889a6e2bfe,
b850cb93-9ed9-451f-bb23-25889a6e2bfe:6,2026-07-22T06:18:56.263Z,29,Black,odd,high,b850cb93-9ed9-451f-bb23-25889a6e2bfe,
b850cb93-9ed9-451f-bb23-25889a6e2bfe:7,2026-07-22T06:19:54.426Z,10,Black,even,low,b850cb93-9ed9-451f-bb23-25889a6e2bfe,
b850cb93-9ed9-451f-bb23-25889a6e2bfe:8,2026-07-22T06:20:54.555Z,7,Red,odd,low,b850cb93-9ed9-451f-bb23-25889a6e2bfe,
b850cb93-9ed9-451f-bb23-25889a6e2bfe:9,2026-07-22T06:21:55.854Z,19,Red,odd,high,b850cb93-9ed9-451f-bb23-25889a6e2bfe,
b850cb93-9ed9-451f-bb23-25889a6e2bfe:10,2026-07-22T06:22:50.694Z,18,Red,even,low,b850cb93-9ed9-451f-bb23-25889a6e2bfe,
b850cb93-9ed9-451f-bb23-25889a6e2bfe:11,2026-07-22T06:23:47.905Z,10,Black,even,low,b850cb93-9ed9-451f-bb23-25889a6e2bfe,
b850cb93-9ed9-451f-bb23-25889a6e2bfe:12,2026-07-22T06:24:43.410Z,35,Black,odd,high,b850cb93-9ed9-451f-bb23-25889a6e2bfe,
b850cb93-9ed9-451f-bb23-25889a6e2bfe:13,2026-07-22T06:25:58.618Z,25,Red,odd,high,b850cb93-9ed9-451f-bb23-25889a6e2bfe,
b850cb93-9ed9-451f-bb23-25889a6e2bfe:14,2026-07-22T06:26:42.240Z,17,Black,odd,low,b850cb93-9ed9-451f-bb23-25889a6e2bfe,
b850cb93-9ed9-451f-bb23-25889a6e2bfe:15,2026-07-22T06:27:41.901Z,28,Black,even,high,b850cb93-9ed9-451f-bb23-25889a6e2bfe,
b850cb93-9ed9-451f-bb23-25889a6e2bfe:16,2026-07-22T06:28:43.325Z,36,Red,even,high,b850cb93-9ed9-451f-bb23-25889a6e2bfe,
b850cb93-9ed9-451f-bb23-25889a6e2bfe:17,2026-07-22T06:29:39.403Z,10,Black,even,low,b850cb93-9ed9-451f-bb23-25889a6e2bfe,
b850cb93-9ed9-451f-bb23-25889a6e2bfe:18,2026-07-22T06:30:38.618Z,16,Red,even,low,b850cb93-9ed9-451f-bb23-25889a6e2bfe,
b850cb93-9ed9-451f-bb23-25889a6e2bfe:19,2026-07-22T06:31:38.134Z,27,Red,odd,high,b850cb93-9ed9-451f-bb23-25889a6e2bfe,
b850cb93-9ed9-451f-bb23-25889a6e2bfe:20,2026-07-22T06:32:37.444Z,14,Red,even,low,b850cb93-9ed9-451f-bb23-25889a6e2bfe,
b850cb93-9ed9-451f-bb23-25889a6e2bfe:21,2026-07-22T06:33:38.774Z,27,Red,odd,high,b850cb93-9ed9-451f-bb23-25889a6e2bfe,
b850cb93-9ed9-451f-bb23-25889a6e2bfe:22,2026-07-22T06:34:39.363Z,19,Red,odd,high,b850cb93-9ed9-451f-bb23-25889a6e2bfe,
b850cb93-9ed9-451f-bb23-25889a6e2bfe:23,2026-07-22T06:35:38.169Z,15,Black,odd,low,b850cb93-9ed9-451f-bb23-25889a6e2bfe,
b850cb93-9ed9-451f-bb23-25889a6e2bfe:24,2026-07-22T06:36:37.522Z,7,Red,odd,low,b850cb93-9ed9-451f-bb23-25889a6e2bfe,
b850cb93-9ed9-451f-bb23-25889a6e2bfe:25,2026-07-22T06:37:38.567Z,1,Red,odd,low,b850cb93-9ed9-451f-bb23-25889a6e2bfe,
b850cb93-9ed9-451f-bb23-25889a6e2bfe:26,2026-07-22T06:38:38.301Z,0,Green,Zero,Zero,b850cb93-9ed9-451f-bb23-25889a6e2bfe,
b850cb93-9ed9-451f-bb23-25889a6e2bfe:27,2026-07-22T06:43:49.512Z,35,Black,odd,high,b850cb93-9ed9-451f-bb23-25889a6e2bfe,
b850cb93-9ed9-451f-bb23-25889a6e2bfe:28,2026-07-22T06:43:51.132Z,33,Black,odd,high,b850cb93-9ed9-451f-bb23-25889a6e2bfe,
b850cb93-9ed9-451f-bb23-25889a6e2bfe:29,2026-07-22T06:43:52.402Z,2,Black,even,low,b850cb93-9ed9-451f-bb23-25889a6e2bfe,
b850cb93-9ed9-451f-bb23-25889a6e2bfe:30,2026-07-22T06:43:55.404Z,10,Black,even,low,b850cb93-9ed9-451f-bb23-25889a6e2bfe,
b850cb93-9ed9-451f-bb23-25889a6e2bfe:31,2026-07-22T06:43:57.002Z,32,Red,even,high,b850cb93-9ed9-451f-bb23-25889a6e2bfe,
b850cb93-9ed9-451f-bb23-25889a6e2bfe:32,2026-07-22T06:44:25.248Z,14,Red,even,low,b850cb93-9ed9-451f-bb23-25889a6e2bfe,
b850cb93-9ed9-451f-bb23-25889a6e2bfe:33,2026-07-22T06:45:21.116Z,26,Black,even,high,b850cb93-9ed9-451f-bb23-25889a6e2bfe,
b850cb93-9ed9-451f-bb23-25889a6e2bfe:34,2026-07-22T06:46:13.912Z,24,Black,even,high,b850cb93-9ed9-451f-bb23-25889a6e2bfe,
b850cb93-9ed9-451f-bb23-25889a6e2bfe:35,2026-07-22T06:47:11.704Z,17,Black,odd,low,b850cb93-9ed9-451f-bb23-25889a6e2bfe,
b850cb93-9ed9-451f-bb23-25889a6e2bfe:36,2026-07-22T06:48:12.835Z,17,Black,odd,low,b850cb93-9ed9-451f-bb23-25889a6e2bfe,
b850cb93-9ed9-451f-bb23-25889a6e2bfe:37,2026-07-22T06:49:09.574Z,34,Red,even,high,b850cb93-9ed9-451f-bb23-25889a6e2bfe,
b850cb93-9ed9-451f-bb23-25889a6e2bfe:38,2026-07-22T06:50:11.685Z,33,Black,odd,high,b850cb93-9ed9-451f-bb23-25889a6e2bfe,
b850cb93-9ed9-451f-bb23-25889a6e2bfe:39,2026-07-22T06:51:08.206Z,12,Red,even,low,b850cb93-9ed9-451f-bb23-25889a6e2bfe,
b850cb93-9ed9-451f-bb23-25889a6e2bfe:40,2026-07-22T06:52:06.741Z,36,Red,even,high,b850cb93-9ed9-451f-bb23-25889a6e2bfe,
b850cb93-9ed9-451f-bb23-25889a6e2bfe:41,2026-07-22T06:53:02.095Z,26,Black,even,high,b850cb93-9ed9-451f-bb23-25889a6e2bfe,
b850cb93-9ed9-451f-bb23-25889a6e2bfe:42,2026-07-22T06:54:02.971Z,3,Red,odd,low,b850cb93-9ed9-451f-bb23-25889a6e2bfe,
b850cb93-9ed9-451f-bb23-25889a6e2bfe:43,2026-07-22T06:54:59.841Z,4,Black,even,low,b850cb93-9ed9-451f-bb23-25889a6e2bfe,
b850cb93-9ed9-451f-bb23-25889a6e2bfe:44,2026-07-22T06:55:59.512Z,15,Black,odd,low,b850cb93-9ed9-451f-bb23-25889a6e2bfe,
b850cb93-9ed9-451f-bb23-25889a6e2bfe:45,2026-07-22T06:56:57.833Z,13,Black,odd,low,b850cb93-9ed9-451f-bb23-25889a6e2bfe,
170fcb40-d138-4f83-9953-9f15f8a6d9bf:1,2026-07-22T07:25:25.989Z,22,Black,even,high,170fcb40-d138-4f83-9953-9f15f8a6d9bf,
170fcb40-d138-4f83-9953-9f15f8a6d9bf:2,2026-07-22T07:25:31.569Z,16,Red,even,low,170fcb40-d138-4f83-9953-9f15f8a6d9bf,
170fcb40-d138-4f83-9953-9f15f8a6d9bf:3,2026-07-22T07:26:17.282Z,27,Red,odd,high,170fcb40-d138-4f83-9953-9f15f8a6d9bf,
170fcb40-d138-4f83-9953-9f15f8a6d9bf:3,2026-07-22T07:26:17.282Z,27,Red,odd,high,170fcb40-d138-4f83-9953-9f15f8a6d9bf,
170fcb40-d138-4f83-9953-9f15f8a6d9bf:3,2026-07-22T07:26:17.282Z,27,Red,odd,high,170fcb40-d138-4f83-9953-9f15f8a6d9bf,
170fcb40-d138-4f83-9953-9f15f8a6d9bf:4,2026-07-22T07:28:38.560Z,17,Black,odd,low,170fcb40-d138-4f83-9953-9f15f8a6d9bf,
170fcb40-d138-4f83-9953-9f15f8a6d9bf:5,2026-07-22T07:28:43.062Z,1,Red,odd,low,170fcb40-d138-4f83-9953-9f15f8a6d9bf,
170fcb40-d138-4f83-9953-9f15f8a6d9bf:6,2026-07-22T07:28:47.441Z,14,Red,even,low,170fcb40-d138-4f83-9953-9f15f8a6d9bf,
170fcb40-d138-4f83-9953-9f15f8a6d9bf:7,2026-07-22T07:29:21.387Z,6,Black,even,low,170fcb40-d138-4f83-9953-9f15f8a6d9bf,
170fcb40-d138-4f83-9953-9f15f8a6d9bf:8,2026-07-22T07:30:13.940Z,20,Black,even,high,170fcb40-d138-4f83-9953-9f15f8a6d9bf,
170fcb40-d138-4f83-9953-9f15f8a6d9bf:9,2026-07-22T07:30:57.484Z,0,Green,Zero,Zero,170fcb40-d138-4f83-9953-9f15f8a6d9bf,
170fcb40-d138-4f83-9953-9f15f8a6d9bf:10,2026-07-22T07:31:42.970Z,0,Green,Zero,Zero,170fcb40-d138-4f83-9953-9f15f8a6d9bf,
170fcb40-d138-4f83-9953-9f15f8a6d9bf:11,2026-07-22T07:32:26.811Z,29,Black,odd,high,170fcb40-d138-4f83-9953-9f15f8a6d9bf,
170fcb40-d138-4f83-9953-9f15f8a6d9bf:12,2026-07-22T07:33:15.858Z,18,Red,even,low,170fcb40-d138-4f83-9953-9f15f8a6d9bf,
170fcb40-d138-4f83-9953-9f15f8a6d9bf:13,2026-07-22T07:33:52.247Z,3,Red,odd,low,170fcb40-d138-4f83-9953-9f15f8a6d9bf,
170fcb40-d138-4f83-9953-9f15f8a6d9bf:14,2026-07-22T07:34:32.005Z,27,Red,odd,high,170fcb40-d138-4f83-9953-9f15f8a6d9bf,
170fcb40-d138-4f83-9953-9f15f8a6d9bf:15,2026-07-22T07:35:13.894Z,7,Red,odd,low,170fcb40-d138-4f83-9953-9f15f8a6d9bf,
170fcb40-d138-4f83-9953-9f15f8a6d9bf:16,2026-07-22T07:36:03.961Z,17,Black,odd,low,170fcb40-d138-4f83-9953-9f15f8a6d9bf,
170fcb40-d138-4f83-9953-9f15f8a6d9bf:17,2026-07-22T07:36:51.728Z,17,Black,odd,low,170fcb40-d138-4f83-9953-9f15f8a6d9bf,
170fcb40-d138-4f83-9953-9f15f8a6d9bf:18,2026-07-22T07:37:31.590Z,12,Red,even,low,170fcb40-d138-4f83-9953-9f15f8a6d9bf,
170fcb40-d138-4f83-9953-9f15f8a6d9bf:19,2026-07-22T07:38:17.905Z,3,Red,odd,low,170fcb40-d138-4f83-9953-9f15f8a6d9bf,
170fcb40-d138-4f83-9953-9f15f8a6d9bf:20,2026-07-22T07:39:06.363Z,11,Black,odd,low,170fcb40-d138-4f83-9953-9f15f8a6d9bf,
170fcb40-d138-4f83-9953-9f15f8a6d9bf:21,2026-07-22T07:39:58.077Z,30,Red,even,high,170fcb40-d138-4f83-9953-9f15f8a6d9bf,
170fcb40-d138-4f83-9953-9f15f8a6d9bf:22,2026-07-22T07:40:44.100Z,25,Red,odd,high,170fcb40-d138-4f83-9953-9f15f8a6d9bf,
170fcb40-d138-4f83-9953-9f15f8a6d9bf:23,2026-07-22T07:41:23.874Z,29,Black,odd,high,170fcb40-d138-4f83-9953-9f15f8a6d9bf,
170fcb40-d138-4f83-9953-9f15f8a6d9bf:24,2026-07-22T07:42:08.339Z,10,Black,even,low,170fcb40-d138-4f83-9953-9f15f8a6d9bf,
170fcb40-d138-4f83-9953-9f15f8a6d9bf:25,2026-07-22T07:42:55.798Z,7,Red,odd,low,170fcb40-d138-4f83-9953-9f15f8a6d9bf,
170fcb40-d138-4f83-9953-9f15f8a6d9bf:26,2026-07-22T07:43:42.019Z,17,Black,odd,low,170fcb40-d138-4f83-9953-9f15f8a6d9bf,
170fcb40-d138-4f83-9953-9f15f8a6d9bf:27,2026-07-22T07:44:25.502Z,7,Red,odd,low,170fcb40-d138-4f83-9953-9f15f8a6d9bf,
170fcb40-d138-4f83-9953-9f15f8a6d9bf:28,2026-07-22T07:45:18.608Z,13,Black,odd,low,170fcb40-d138-4f83-9953-9f15f8a6d9bf,
170fcb40-d138-4f83-9953-9f15f8a6d9bf:29,2026-07-22T07:45:55.439Z,2,Black,even,low,170fcb40-d138-4f83-9953-9f15f8a6d9bf,
170fcb40-d138-4f83-9953-9f15f8a6d9bf:30,2026-07-22T07:46:43.625Z,25,Red,odd,high,170fcb40-d138-4f83-9953-9f15f8a6d9bf,
170fcb40-d138-4f83-9953-9f15f8a6d9bf:31,2026-07-22T07:47:18.313Z,5,Red,odd,low,170fcb40-d138-4f83-9953-9f15f8a6d9bf,
170fcb40-d138-4f83-9953-9f15f8a6d9bf:31,2026-07-22T07:47:18.313Z,5,Red,odd,low,170fcb40-d138-4f83-9953-9f15f8a6d9bf,
170fcb40-d138-4f83-9953-9f15f8a6d9bf:32,2026-07-22T07:48:10.699Z,26,Black,even,high,170fcb40-d138-4f83-9953-9f15f8a6d9bf,
170fcb40-d138-4f83-9953-9f15f8a6d9bf:33,2026-07-22T07:48:55.390Z,25,Red,odd,high,170fcb40-d138-4f83-9953-9f15f8a6d9bf,
6f752a71-6da6-4123-9c36-c0e22b8ad28a:1,2026-07-23T00:38:16.695Z,28,Black,even,high,6f752a71-6da6-4123-9c36-c0e22b8ad28a,
6f752a71-6da6-4123-9c36-c0e22b8ad28a:2,2026-07-23T00:38:18.787Z,6,Black,even,low,6f752a71-6da6-4123-9c36-c0e22b8ad28a,
6f752a71-6da6-4123-9c36-c0e22b8ad28a:3,2026-07-23T00:38:20.514Z,22,Black,even,high,6f752a71-6da6-4123-9c36-c0e22b8ad28a,
6f752a71-6da6-4123-9c36-c0e22b8ad28a:4,2026-07-23T00:38:30.015Z,29,Black,odd,high,6f752a71-6da6-4123-9c36-c0e22b8ad28a,
6f752a71-6da6-4123-9c36-c0e22b8ad28a:5,2026-07-23T00:39:07.436Z,18,Red,even,low,6f752a71-6da6-4123-9c36-c0e22b8ad28a,
6f752a71-6da6-4123-9c36-c0e22b8ad28a:6,2026-07-23T00:39:58.993Z,31,Black,odd,high,6f752a71-6da6-4123-9c36-c0e22b8ad28a,
6f752a71-6da6-4123-9c36-c0e22b8ad28a:7,2026-07-23T00:40:43.890Z,11,Black,odd,low,6f752a71-6da6-4123-9c36-c0e22b8ad28a,
6f752a71-6da6-4123-9c36-c0e22b8ad28a:8,2026-07-23T00:41:29.106Z,10,Black,even,low,6f752a71-6da6-4123-9c36-c0e22b8ad28a,
6f752a71-6da6-4123-9c36-c0e22b8ad28a:9,2026-07-23T00:42:26.151Z,2,Black,even,low,6f752a71-6da6-4123-9c36-c0e22b8ad28a,
6f752a71-6da6-4123-9c36-c0e22b8ad28a:10,2026-07-23T00:42:58.557Z,34,Red,even,high,6f752a71-6da6-4123-9c36-c0e22b8ad28a,
6f752a71-6da6-4123-9c36-c0e22b8ad28a:11,2026-07-23T00:43:43.654Z,21,Red,odd,high,6f752a71-6da6-4123-9c36-c0e22b8ad28a,
6f752a71-6da6-4123-9c36-c0e22b8ad28a:12,2026-07-23T00:44:33.583Z,36,Red,even,high,6f752a71-6da6-4123-9c36-c0e22b8ad28a,
6f752a71-6da6-4123-9c36-c0e22b8ad28a:13,2026-07-23T00:46:13.661Z,12,Red,even,low,6f752a71-6da6-4123-9c36-c0e22b8ad28a,
6f752a71-6da6-4123-9c36-c0e22b8ad28a:14,2026-07-23T00:46:56.239Z,28,Black,even,high,6f752a71-6da6-4123-9c36-c0e22b8ad28a,
6f752a71-6da6-4123-9c36-c0e22b8ad28a:15,2026-07-23T00:47:41.370Z,23,Red,odd,high,6f752a71-6da6-4123-9c36-c0e22b8ad28a,
6f752a71-6da6-4123-9c36-c0e22b8ad28a:16,2026-07-23T00:48:26.674Z,31,Black,odd,high,6f752a71-6da6-4123-9c36-c0e22b8ad28a,
6f752a71-6da6-4123-9c36-c0e22b8ad28a:17,2026-07-23T00:49:10.122Z,25,Red,odd,high,6f752a71-6da6-4123-9c36-c0e22b8ad28a,
6f752a71-6da6-4123-9c36-c0e22b8ad28a:18,2026-07-23T00:49:54.603Z,12,Red,even,low,6f752a71-6da6-4123-9c36-c0e22b8ad28a,
6f752a71-6da6-4123-9c36-c0e22b8ad28a:19,2026-07-23T00:50:37.765Z,10,Black,even,low,6f752a71-6da6-4123-9c36-c0e22b8ad28a,
6f752a71-6da6-4123-9c36-c0e22b8ad28a:20,2026-07-23T00:51:24.414Z,1,Red,odd,low,6f752a71-6da6-4123-9c36-c0e22b8ad28a,
6f752a71-6da6-4123-9c36-c0e22b8ad28a:21,2026-07-23T00:52:09.434Z,28,Black,even,high,6f752a71-6da6-4123-9c36-c0e22b8ad28a,
6f752a71-6da6-4123-9c36-c0e22b8ad28a:22,2026-07-23T00:52:52.909Z,24,Black,even,high,6f752a71-6da6-4123-9c36-c0e22b8ad28a,
6f752a71-6da6-4123-9c36-c0e22b8ad28a:23,2026-07-23T00:53:38.117Z,1,Red,odd,low,6f752a71-6da6-4123-9c36-c0e22b8ad28a,
6f752a71-6da6-4123-9c36-c0e22b8ad28a:24,2026-07-23T00:54:22.027Z,20,Black,even,high,6f752a71-6da6-4123-9c36-c0e22b8ad28a,
6f752a71-6da6-4123-9c36-c0e22b8ad28a:25,2026-07-23T00:55:07.447Z,7,Red,odd,low,6f752a71-6da6-4123-9c36-c0e22b8ad28a,
6f752a71-6da6-4123-9c36-c0e22b8ad28a:26,2026-07-23T00:55:55.296Z,18,Red,even,low,6f752a71-6da6-4123-9c36-c0e22b8ad28a,
6f752a71-6da6-4123-9c36-c0e22b8ad28a:27,2026-07-23T00:56:38.191Z,20,Black,even,high,6f752a71-6da6-4123-9c36-c0e22b8ad28a,
6f752a71-6da6-4123-9c36-c0e22b8ad28a:28,2026-07-23T00:57:22.568Z,30,Red,even,high,6f752a71-6da6-4123-9c36-c0e22b8ad28a,
6f752a71-6da6-4123-9c36-c0e22b8ad28a:29,2026-07-23T00:58:07.826Z,2,Black,even,low,6f752a71-6da6-4123-9c36-c0e22b8ad28a,
6f752a71-6da6-4123-9c36-c0e22b8ad28a:30,2026-07-23T00:58:51.574Z,1,Red,odd,low,6f752a71-6da6-4123-9c36-c0e22b8ad28a,
6f752a71-6da6-4123-9c36-c0e22b8ad28a:31,2026-07-23T00:59:37.020Z,27,Red,odd,high,6f752a71-6da6-4123-9c36-c0e22b8ad28a,
6f752a71-6da6-4123-9c36-c0e22b8ad28a:32,2026-07-23T01:00:19.921Z,27,Red,odd,high,6f752a71-6da6-4123-9c36-c0e22b8ad28a,
6f752a71-6da6-4123-9c36-c0e22b8ad28a:33,2026-07-23T01:01:06.281Z,14,Red,even,low,6f752a71-6da6-4123-9c36-c0e22b8ad28a,
6f752a71-6da6-4123-9c36-c0e22b8ad28a:34,2026-07-23T01:01:52.118Z,15,Black,odd,low,6f752a71-6da6-4123-9c36-c0e22b8ad28a,
6f752a71-6da6-4123-9c36-c0e22b8ad28a:35,2026-07-23T01:02:36.539Z,29,Black,odd,high,6f752a71-6da6-4123-9c36-c0e22b8ad28a,
6f752a71-6da6-4123-9c36-c0e22b8ad28a:36,2026-07-23T01:03:21.920Z,20,Black,even,high,6f752a71-6da6-4123-9c36-c0e22b8ad28a,
6f752a71-6da6-4123-9c36-c0e22b8ad28a:37,2026-07-23T01:04:10.814Z,35,Black,odd,high,6f752a71-6da6-4123-9c36-c0e22b8ad28a,
6f752a71-6da6-4123-9c36-c0e22b8ad28a:38,2026-07-23T01:04:51.908Z,31,Black,odd,high,6f752a71-6da6-4123-9c36-c0e22b8ad28a,
6f752a71-6da6-4123-9c36-c0e22b8ad28a:39,2026-07-23T01:05:38.528Z,34,Red,even,high,6f752a71-6da6-4123-9c36-c0e22b8ad28a,
6f752a71-6da6-4123-9c36-c0e22b8ad28a:40,2026-07-23T01:06:23.710Z,28,Black,even,high,6f752a71-6da6-4123-9c36-c0e22b8ad28a,
6f752a71-6da6-4123-9c36-c0e22b8ad28a:41,2026-07-23T01:07:10.695Z,16,Red,even,low,6f752a71-6da6-4123-9c36-c0e22b8ad28a,
6f752a71-6da6-4123-9c36-c0e22b8ad28a:42,2026-07-23T01:07:56.738Z,21,Red,odd,high,6f752a71-6da6-4123-9c36-c0e22b8ad28a,
6f752a71-6da6-4123-9c36-c0e22b8ad28a:43,2026-07-23T01:08:40.297Z,10,Black,even,low,6f752a71-6da6-4123-9c36-c0e22b8ad28a,
6f752a71-6da6-4123-9c36-c0e22b8ad28a:44,2026-07-23T01:09:27.938Z,23,Red,odd,high,6f752a71-6da6-4123-9c36-c0e22b8ad28a,
6f752a71-6da6-4123-9c36-c0e22b8ad28a:45,2026-07-23T01:10:08.263Z,31,Black,odd,high,6f752a71-6da6-4123-9c36-c0e22b8ad28a,
6f752a71-6da6-4123-9c36-c0e22b8ad28a:46,2026-07-23T01:10:50.092Z,0,Green,Zero,Zero,6f752a71-6da6-4123-9c36-c0e22b8ad28a,
6f752a71-6da6-4123-9c36-c0e22b8ad28a:47,2026-07-23T01:11:33.903Z,33,Black,odd,high,6f752a71-6da6-4123-9c36-c0e22b8ad28a,
6f752a71-6da6-4123-9c36-c0e22b8ad28a:48,2026-07-23T01:12:19.580Z,10,Black,even,low,6f752a71-6da6-4123-9c36-c0e22b8ad28a,
6f752a71-6da6-4123-9c36-c0e22b8ad28a:49,2026-07-23T01:13:03.550Z,29,Black,odd,high,6f752a71-6da6-4123-9c36-c0e22b8ad28a,
6f752a71-6da6-4123-9c36-c0e22b8ad28a:50,2026-07-23T01:13:49.229Z,28,Black,even,high,6f752a71-6da6-4123-9c36-c0e22b8ad28a,
6f752a71-6da6-4123-9c36-c0e22b8ad28a:51,2026-07-23T01:14:33.620Z,14,Red,even,low,6f752a71-6da6-4123-9c36-c0e22b8ad28a,
6f752a71-6da6-4123-9c36-c0e22b8ad28a:52,2026-07-23T01:15:16.303Z,24,Black,even,high,6f752a71-6da6-4123-9c36-c0e22b8ad28a,
6f752a71-6da6-4123-9c36-c0e22b8ad28a:53,2026-07-23T01:16:00.683Z,33,Black,odd,high,6f752a71-6da6-4123-9c36-c0e22b8ad28a,
6f752a71-6da6-4123-9c36-c0e22b8ad28a:54,2026-07-23T01:16:46.272Z,13,Black,odd,low,6f752a71-6da6-4123-9c36-c0e22b8ad28a,
6f752a71-6da6-4123-9c36-c0e22b8ad28a:55,2026-07-23T01:17:32.289Z,12,Red,even,low,6f752a71-6da6-4123-9c36-c0e22b8ad28a,
6f752a71-6da6-4123-9c36-c0e22b8ad28a:56,2026-07-23T01:18:17.068Z,29,Black,odd,high,6f752a71-6da6-4123-9c36-c0e22b8ad28a,
6f752a71-6da6-4123-9c36-c0e22b8ad28a:57,2026-07-23T01:19:03.028Z,23,Red,odd,high,6f752a71-6da6-4123-9c36-c0e22b8ad28a,
6f752a71-6da6-4123-9c36-c0e22b8ad28a:58,2026-07-23T01:19:48.117Z,34,Red,even,high,6f752a71-6da6-4123-9c36-c0e22b8ad28a,
6f752a71-6da6-4123-9c36-c0e22b8ad28a:59,2026-07-23T01:20:40.401Z,35,Black,odd,high,6f752a71-6da6-4123-9c36-c0e22b8ad28a,
6f752a71-6da6-4123-9c36-c0e22b8ad28a:60,2026-07-23T01:21:17.223Z,23,Red,odd,high,6f752a71-6da6-4123-9c36-c0e22b8ad28a,
6f752a71-6da6-4123-9c36-c0e22b8ad28a:61,2026-07-23T01:22:04.089Z,22,Black,even,high,6f752a71-6da6-4123-9c36-c0e22b8ad28a,
6f752a71-6da6-4123-9c36-c0e22b8ad28a:62,2026-07-23T01:22:49.807Z,21,Red,odd,high,6f752a71-6da6-4123-9c36-c0e22b8ad28a,
6f752a71-6da6-4123-9c36-c0e22b8ad28a:63,2026-07-23T01:23:37.865Z,17,Black,odd,low,6f752a71-6da6-4123-9c36-c0e22b8ad28a,
6f752a71-6da6-4123-9c36-c0e22b8ad28a:64,2026-07-23T01:24:25.754Z,14,Red,even,low,6f752a71-6da6-4123-9c36-c0e22b8ad28a,
6f752a71-6da6-4123-9c36-c0e22b8ad28a:65,2026-07-23T01:25:07.948Z,29,Black,odd,high,6f752a71-6da6-4123-9c36-c0e22b8ad28a,
6f752a71-6da6-4123-9c36-c0e22b8ad28a:66,2026-07-23T01:25:52.042Z,0,Green,Zero,Zero,6f752a71-6da6-4123-9c36-c0e22b8ad28a,
6f752a71-6da6-4123-9c36-c0e22b8ad28a:67,2026-07-23T01:26:36.823Z,31,Black,odd,high,6f752a71-6da6-4123-9c36-c0e22b8ad28a,
6f752a71-6da6-4123-9c36-c0e22b8ad28a:68,2026-07-23T01:27:23.545Z,1,Red,odd,low,6f752a71-6da6-4123-9c36-c0e22b8ad28a,
6f752a71-6da6-4123-9c36-c0e22b8ad28a:69,2026-07-23T01:28:06.978Z,8,Black,even,low,6f752a71-6da6-4123-9c36-c0e22b8ad28a,
6f752a71-6da6-4123-9c36-c0e22b8ad28a:70,2026-07-23T01:28:54.599Z,14,Red,even,low,6f752a71-6da6-4123-9c36-c0e22b8ad28a,
2e1aa88d-c907-4b5d-bd94-2ebc643fb33f:1,2026-07-23T02:24:50.745Z,7,Red,odd,low,2e1aa88d-c907-4b5d-bd94-2ebc643fb33f,
2e1aa88d-c907-4b5d-bd94-2ebc643fb33f:2,2026-07-23T02:25:04.344Z,6,Black,even,low,2e1aa88d-c907-4b5d-bd94-2ebc643fb33f,
2e1aa88d-c907-4b5d-bd94-2ebc643fb33f:3,2026-07-23T02:25:09.407Z,8,Black,even,low,2e1aa88d-c907-4b5d-bd94-2ebc643fb33f,
2e1aa88d-c907-4b5d-bd94-2ebc643fb33f:4,2026-07-23T02:25:14.146Z,25,Red,odd,high,2e1aa88d-c907-4b5d-bd94-2ebc643fb33f,
2e1aa88d-c907-4b5d-bd94-2ebc643fb33f:5,2026-07-23T02:25:15.964Z,26,Black,even,high,2e1aa88d-c907-4b5d-bd94-2ebc643fb33f,
2e1aa88d-c907-4b5d-bd94-2ebc643fb33f:6,2026-07-23T02:25:18.071Z,14,Red,even,low,2e1aa88d-c907-4b5d-bd94-2ebc643fb33f,
2e1aa88d-c907-4b5d-bd94-2ebc643fb33f:7,2026-07-23T02:25:30.734Z,24,Black,even,high,2e1aa88d-c907-4b5d-bd94-2ebc643fb33f,
2e1aa88d-c907-4b5d-bd94-2ebc643fb33f:8,2026-07-23T02:25:33.419Z,9,Red,odd,low,2e1aa88d-c907-4b5d-bd94-2ebc643fb33f,
2e1aa88d-c907-4b5d-bd94-2ebc643fb33f:9,2026-07-23T02:25:34.934Z,12,Red,even,low,2e1aa88d-c907-4b5d-bd94-2ebc643fb33f,
2e1aa88d-c907-4b5d-bd94-2ebc643fb33f:10,2026-07-23T02:25:40.367Z,33,Black,odd,high,2e1aa88d-c907-4b5d-bd94-2ebc643fb33f,
2e1aa88d-c907-4b5d-bd94-2ebc643fb33f:11,2026-07-23T02:25:55.982Z,26,Black,even,high,2e1aa88d-c907-4b5d-bd94-2ebc643fb33f,
2e1aa88d-c907-4b5d-bd94-2ebc643fb33f:12,2026-07-23T02:25:59.648Z,32,Red,even,high,2e1aa88d-c907-4b5d-bd94-2ebc643fb33f,
2e1aa88d-c907-4b5d-bd94-2ebc643fb33f:13,2026-07-23T02:26:01.972Z,31,Black,odd,high,2e1aa88d-c907-4b5d-bd94-2ebc643fb33f,
2e1aa88d-c907-4b5d-bd94-2ebc643fb33f:14,2026-07-23T02:26:09.866Z,7,Red,odd,low,2e1aa88d-c907-4b5d-bd94-2ebc643fb33f,
2e1aa88d-c907-4b5d-bd94-2ebc643fb33f:15,2026-07-23T02:26:11.749Z,8,Black,even,low,2e1aa88d-c907-4b5d-bd94-2ebc643fb33f,
2e1aa88d-c907-4b5d-bd94-2ebc643fb33f:16,2026-07-23T02:26:17.367Z,25,Red,odd,high,2e1aa88d-c907-4b5d-bd94-2ebc643fb33f,
2e1aa88d-c907-4b5d-bd94-2ebc643fb33f:17,2026-07-23T02:26:27.920Z,15,Black,odd,low,2e1aa88d-c907-4b5d-bd94-2ebc643fb33f,
54575364-0151-4d62-a9b5-209a27df7d08:1,2026-07-23T02:35:11.132Z,1,Red,odd,low,54575364-0151-4d62-a9b5-209a27df7d08,
54575364-0151-4d62-a9b5-209a27df7d08:2,2026-07-23T02:35:13.943Z,1,Red,odd,low,54575364-0151-4d62-a9b5-209a27df7d08,
54575364-0151-4d62-a9b5-209a27df7d08:3,2026-07-23T02:35:15.636Z,1,Red,odd,low,54575364-0151-4d62-a9b5-209a27df7d08,
54575364-0151-4d62-a9b5-209a27df7d08:4,2026-07-23T02:35:16.976Z,1,Red,odd,low,54575364-0151-4d62-a9b5-209a27df7d08,
54575364-0151-4d62-a9b5-209a27df7d08:5,2026-07-23T02:47:32.696Z,1,Red,odd,low,54575364-0151-4d62-a9b5-209a27df7d08,
54575364-0151-4d62-a9b5-209a27df7d08:6,2026-07-23T02:47:34.775Z,1,Red,odd,low,54575364-0151-4d62-a9b5-209a27df7d08,
a8ad39fc-c32a-43d0-a96f-e00752195b3a:1,2026-07-23T03:11:22.987Z,25,Red,odd,high,a8ad39fc-c32a-43d0-a96f-e00752195b3a,
a8ad39fc-c32a-43d0-a96f-e00752195b3a:2,2026-07-23T03:11:25.698Z,21,Red,odd,high,a8ad39fc-c32a-43d0-a96f-e00752195b3a,
a8ad39fc-c32a-43d0-a96f-e00752195b3a:3,2026-07-23T03:11:49.963Z,1,Red,odd,low,a8ad39fc-c32a-43d0-a96f-e00752195b3a,
a8ad39fc-c32a-43d0-a96f-e00752195b3a:4,2026-07-23T03:12:16.948Z,14,Red,even,low,a8ad39fc-c32a-43d0-a96f-e00752195b3a,
a8ad39fc-c32a-43d0-a96f-e00752195b3a:5,2026-07-23T03:12:58.329Z,13,Black,odd,low,a8ad39fc-c32a-43d0-a96f-e00752195b3a,
a8ad39fc-c32a-43d0-a96f-e00752195b3a:6,2026-07-23T03:13:35.264Z,7,Red,odd,low,a8ad39fc-c32a-43d0-a96f-e00752195b3a,
a8ad39fc-c32a-43d0-a96f-e00752195b3a:7,2026-07-23T03:14:12.416Z,30,Red,even,high,a8ad39fc-c32a-43d0-a96f-e00752195b3a,
a8ad39fc-c32a-43d0-a96f-e00752195b3a:8,2026-07-23T03:14:54.867Z,25,Red,odd,high,a8ad39fc-c32a-43d0-a96f-e00752195b3a,
a8ad39fc-c32a-43d0-a96f-e00752195b3a:9,2026-07-23T03:15:31.857Z,1,Red,odd,low,a8ad39fc-c32a-43d0-a96f-e00752195b3a,
a8ad39fc-c32a-43d0-a96f-e00752195b3a:10,2026-07-23T03:16:10.335Z,23,Red,odd,high,a8ad39fc-c32a-43d0-a96f-e00752195b3a,
a8ad39fc-c32a-43d0-a96f-e00752195b3a:11,2026-07-23T03:16:52.697Z,2,Black,even,low,a8ad39fc-c32a-43d0-a96f-e00752195b3a,
a8ad39fc-c32a-43d0-a96f-e00752195b3a:12,2026-07-23T03:17:29.045Z,31,Black,odd,high,a8ad39fc-c32a-43d0-a96f-e00752195b3a,
a8ad39fc-c32a-43d0-a96f-e00752195b3a:13,2026-07-23T03:18:07.268Z,15,Black,odd,low,a8ad39fc-c32a-43d0-a96f-e00752195b3a,
a8ad39fc-c32a-43d0-a96f-e00752195b3a:14,2026-07-23T03:18:44.992Z,16,Red,even,low,a8ad39fc-c32a-43d0-a96f-e00752195b3a,
a8ad39fc-c32a-43d0-a96f-e00752195b3a:15,2026-07-23T03:19:23.902Z,23,Red,odd,high,a8ad39fc-c32a-43d0-a96f-e00752195b3a,
a8ad39fc-c32a-43d0-a96f-e00752195b3a:16,2026-07-23T03:20:01.295Z,28,Black,even,high,a8ad39fc-c32a-43d0-a96f-e00752195b3a,
a8ad39fc-c32a-43d0-a96f-e00752195b3a:17,2026-07-23T03:20:44.025Z,18,Red,even,low,a8ad39fc-c32a-43d0-a96f-e00752195b3a,
a8ad39fc-c32a-43d0-a96f-e00752195b3a:18,2026-07-23T03:21:21.824Z,21,Red,odd,high,a8ad39fc-c32a-43d0-a96f-e00752195b3a,
a8ad39fc-c32a-43d0-a96f-e00752195b3a:19,2026-07-23T03:22:00.954Z,28,Black,even,high,a8ad39fc-c32a-43d0-a96f-e00752195b3a,
a8ad39fc-c32a-43d0-a96f-e00752195b3a:20,2026-07-23T03:22:38.124Z,36,Red,even,high,a8ad39fc-c32a-43d0-a96f-e00752195b3a,
a8ad39fc-c32a-43d0-a96f-e00752195b3a:21,2026-07-23T03:23:18.002Z,22,Black,even,high,a8ad39fc-c32a-43d0-a96f-e00752195b3a,
a8ad39fc-c32a-43d0-a96f-e00752195b3a:22,2026-07-23T03:23:59.803Z,1,Red,odd,low,a8ad39fc-c32a-43d0-a96f-e00752195b3a,
a8ad39fc-c32a-43d0-a96f-e00752195b3a:23,2026-07-23T03:24:37.536Z,27,Red,odd,high,a8ad39fc-c32a-43d0-a96f-e00752195b3a,
a8ad39fc-c32a-43d0-a96f-e00752195b3a:24,2026-07-23T03:25:16.756Z,10,Black,even,low,a8ad39fc-c32a-43d0-a96f-e00752195b3a,
a8ad39fc-c32a-43d0-a96f-e00752195b3a:25,2026-07-23T03:25:56.089Z,12,Red,even,low,a8ad39fc-c32a-43d0-a96f-e00752195b3a,
a8ad39fc-c32a-43d0-a96f-e00752195b3a:26,2026-07-23T03:26:38.722Z,36,Red,even,high,a8ad39fc-c32a-43d0-a96f-e00752195b3a,
a8ad39fc-c32a-43d0-a96f-e00752195b3a:27,2026-07-23T03:27:13.227Z,22,Black,even,high,a8ad39fc-c32a-43d0-a96f-e00752195b3a,
a8ad39fc-c32a-43d0-a96f-e00752195b3a:28,2026-07-23T03:27:52.571Z,30,Red,even,high,a8ad39fc-c32a-43d0-a96f-e00752195b3a,
a8ad39fc-c32a-43d0-a96f-e00752195b3a:29,2026-07-23T03:28:38.496Z,7,Red,odd,low,a8ad39fc-c32a-43d0-a96f-e00752195b3a,
a8ad39fc-c32a-43d0-a96f-e00752195b3a:30,2026-07-23T03:29:16.678Z,1,Red,odd,low,a8ad39fc-c32a-43d0-a96f-e00752195b3a,
a8ad39fc-c32a-43d0-a96f-e00752195b3a:31,2026-07-23T03:29:25.287Z,1,Red,odd,low,a8ad39fc-c32a-43d0-a96f-e00752195b3a,
e18b970b-1b9c-4130-aff0-9e1342d91e7c:1,2026-07-23T03:46:45.700Z,22,Black,even,high,e18b970b-1b9c-4130-aff0-9e1342d91e7c,
e18b970b-1b9c-4130-aff0-9e1342d91e7c:2,2026-07-23T03:46:47.443Z,23,Red,odd,high,e18b970b-1b9c-4130-aff0-9e1342d91e7c,
e18b970b-1b9c-4130-aff0-9e1342d91e7c:3,2026-07-23T03:47:19.649Z,28,Black,even,high,e18b970b-1b9c-4130-aff0-9e1342d91e7c,
e18b970b-1b9c-4130-aff0-9e1342d91e7c:4,2026-07-23T03:48:13.765Z,16,Red,even,low,e18b970b-1b9c-4130-aff0-9e1342d91e7c,
e18b970b-1b9c-4130-aff0-9e1342d91e7c:5,2026-07-23T03:49:11.913Z,29,Black,odd,high,e18b970b-1b9c-4130-aff0-9e1342d91e7c,
e18b970b-1b9c-4130-aff0-9e1342d91e7c:6,2026-07-23T03:50:10.043Z,21,Red,odd,high,e18b970b-1b9c-4130-aff0-9e1342d91e7c,
e18b970b-1b9c-4130-aff0-9e1342d91e7c:7,2026-07-23T03:51:09.647Z,14,Red,even,low,e18b970b-1b9c-4130-aff0-9e1342d91e7c,
e18b970b-1b9c-4130-aff0-9e1342d91e7c:8,2026-07-23T03:52:06.807Z,6,Black,even,low,e18b970b-1b9c-4130-aff0-9e1342d91e7c,
e18b970b-1b9c-4130-aff0-9e1342d91e7c:9,2026-07-23T03:53:07.000Z,11,Black,odd,low,e18b970b-1b9c-4130-aff0-9e1342d91e7c,
e18b970b-1b9c-4130-aff0-9e1342d91e7c:10,2026-07-23T03:54:03.802Z,21,Red,odd,high,e18b970b-1b9c-4130-aff0-9e1342d91e7c,
e18b970b-1b9c-4130-aff0-9e1342d91e7c:11,2026-07-23T03:55:10.998Z,21,Red,odd,high,e18b970b-1b9c-4130-aff0-9e1342d91e7c,
e18b970b-1b9c-4130-aff0-9e1342d91e7c:12,2026-07-23T03:56:07.996Z,36,Red,even,high,e18b970b-1b9c-4130-aff0-9e1342d91e7c,
e18b970b-1b9c-4130-aff0-9e1342d91e7c:13,2026-07-23T03:57:32.729Z,14,Red,even,low,e18b970b-1b9c-4130-aff0-9e1342d91e7c,
e18b970b-1b9c-4130-aff0-9e1342d91e7c:14,2026-07-23T03:58:01.391Z,13,Black,odd,low,e18b970b-1b9c-4130-aff0-9e1342d91e7c,
e18b970b-1b9c-4130-aff0-9e1342d91e7c:15,2026-07-23T03:59:06.874Z,32,Red,even,high,e18b970b-1b9c-4130-aff0-9e1342d91e7c,
e18b970b-1b9c-4130-aff0-9e1342d91e7c:16,2026-07-23T04:00:11.893Z,25,Red,odd,high,e18b970b-1b9c-4130-aff0-9e1342d91e7c,
e18b970b-1b9c-4130-aff0-9e1342d91e7c:17,2026-07-23T04:00:54.600Z,14,Red,even,low,e18b970b-1b9c-4130-aff0-9e1342d91e7c,
e18b970b-1b9c-4130-aff0-9e1342d91e7c:18,2026-07-23T04:01:54.841Z,31,Black,odd,high,e18b970b-1b9c-4130-aff0-9e1342d91e7c,
e18b970b-1b9c-4130-aff0-9e1342d91e7c:19,2026-07-23T04:03:00.914Z,27,Red,odd,high,e18b970b-1b9c-4130-aff0-9e1342d91e7c,
e18b970b-1b9c-4130-aff0-9e1342d91e7c:20,2026-07-23T04:03:50.767Z,6,Black,even,low,e18b970b-1b9c-4130-aff0-9e1342d91e7c,
e18b970b-1b9c-4130-aff0-9e1342d91e7c:21,2026-07-23T04:04:50.594Z,19,Red,odd,high,e18b970b-1b9c-4130-aff0-9e1342d91e7c,
e18b970b-1b9c-4130-aff0-9e1342d91e7c:22,2026-07-23T04:05:49.502Z,25,Red,odd,high,e18b970b-1b9c-4130-aff0-9e1342d91e7c,
e18b970b-1b9c-4130-aff0-9e1342d91e7c:23,2026-07-23T04:06:51.141Z,13,Black,odd,low,e18b970b-1b9c-4130-aff0-9e1342d91e7c,
e18b970b-1b9c-4130-aff0-9e1342d91e7c:24,2026-07-23T04:07:48.273Z,23,Red,odd,high,e18b970b-1b9c-4130-aff0-9e1342d91e7c,
e18b970b-1b9c-4130-aff0-9e1342d91e7c:25,2026-07-23T04:08:50.009Z,36,Red,even,high,e18b970b-1b9c-4130-aff0-9e1342d91e7c,
e18b970b-1b9c-4130-aff0-9e1342d91e7c:26,2026-07-23T04:09:47.396Z,17,Black,odd,low,e18b970b-1b9c-4130-aff0-9e1342d91e7c,
e18b970b-1b9c-4130-aff0-9e1342d91e7c:27,2026-07-23T04:10:45.876Z,24,Black,even,high,e18b970b-1b9c-4130-aff0-9e1342d91e7c,
e18b970b-1b9c-4130-aff0-9e1342d91e7c:28,2026-07-23T04:11:47.697Z,32,Red,even,high,e18b970b-1b9c-4130-aff0-9e1342d91e7c,
e18b970b-1b9c-4130-aff0-9e1342d91e7c:29,2026-07-23T04:12:53.104Z,11,Black,odd,low,e18b970b-1b9c-4130-aff0-9e1342d91e7c,
e18b970b-1b9c-4130-aff0-9e1342d91e7c:30,2026-07-23T04:13:59.745Z,35,Black,odd,high,e18b970b-1b9c-4130-aff0-9e1342d91e7c,
e18b970b-1b9c-4130-aff0-9e1342d91e7c:31,2026-07-23T04:14:46.307Z,25,Red,odd,high,e18b970b-1b9c-4130-aff0-9e1342d91e7c,
e18b970b-1b9c-4130-aff0-9e1342d91e7c:32,2026-07-23T04:15:46.110Z,21,Red,odd,high,e18b970b-1b9c-4130-aff0-9e1342d91e7c,
e18b970b-1b9c-4130-aff0-9e1342d91e7c:33,2026-07-23T04:16:39.123Z,30,Red,even,high,e18b970b-1b9c-4130-aff0-9e1342d91e7c,
e18b970b-1b9c-4130-aff0-9e1342d91e7c:34,2026-07-23T04:17:36.906Z,14,Red,even,low,e18b970b-1b9c-4130-aff0-9e1342d91e7c,
e18b970b-1b9c-4130-aff0-9e1342d91e7c:35,2026-07-23T04:18:36.840Z,24,Black,even,high,e18b970b-1b9c-4130-aff0-9e1342d91e7c,
e18b970b-1b9c-4130-aff0-9e1342d91e7c:36,2026-07-23T04:19:35.829Z,28,Black,even,high,e18b970b-1b9c-4130-aff0-9e1342d91e7c,
e18b970b-1b9c-4130-aff0-9e1342d91e7c:37,2026-07-23T04:20:34.133Z,14,Red,even,low,e18b970b-1b9c-4130-aff0-9e1342d91e7c,
e18b970b-1b9c-4130-aff0-9e1342d91e7c:38,2026-07-23T04:21:47.187Z,27,Red,odd,high,e18b970b-1b9c-4130-aff0-9e1342d91e7c,
e18b970b-1b9c-4130-aff0-9e1342d91e7c:39,2026-07-23T04:22:32.568Z,14,Red,even,low,e18b970b-1b9c-4130-aff0-9e1342d91e7c,
e18b970b-1b9c-4130-aff0-9e1342d91e7c:40,2026-07-23T04:23:32.481Z,10,Black,even,low,e18b970b-1b9c-4130-aff0-9e1342d91e7c,
e18b970b-1b9c-4130-aff0-9e1342d91e7c:41,2026-07-23T04:24:28.768Z,29,Black,odd,high,e18b970b-1b9c-4130-aff0-9e1342d91e7c,
e18b970b-1b9c-4130-aff0-9e1342d91e7c:42,2026-07-23T04:25:29.725Z,3,Red,odd,low,e18b970b-1b9c-4130-aff0-9e1342d91e7c,
e18b970b-1b9c-4130-aff0-9e1342d91e7c:43,2026-07-23T04:26:27.606Z,8,Black,even,low,e18b970b-1b9c-4130-aff0-9e1342d91e7c,
e18b970b-1b9c-4130-aff0-9e1342d91e7c:44,2026-07-23T04:27:25.010Z,34,Red,even,high,e18b970b-1b9c-4130-aff0-9e1342d91e7c,
e18b970b-1b9c-4130-aff0-9e1342d91e7c:45,2026-07-23T04:28:27.669Z,8,Black,even,low,e18b970b-1b9c-4130-aff0-9e1342d91e7c,
e18b970b-1b9c-4130-aff0-9e1342d91e7c:46,2026-07-23T04:29:50.120Z,2,Black,even,low,e18b970b-1b9c-4130-aff0-9e1342d91e7c,
e18b970b-1b9c-4130-aff0-9e1342d91e7c:47,2026-07-23T04:30:25.267Z,16,Red,even,low,e18b970b-1b9c-4130-aff0-9e1342d91e7c,
e18b970b-1b9c-4130-aff0-9e1342d91e7c:48,2026-07-23T04:31:32.154Z,35,Black,odd,high,e18b970b-1b9c-4130-aff0-9e1342d91e7c,
e18b970b-1b9c-4130-aff0-9e1342d91e7c:49,2026-07-23T04:32:24.954Z,6,Black,even,low,e18b970b-1b9c-4130-aff0-9e1342d91e7c,
e18b970b-1b9c-4130-aff0-9e1342d91e7c:50,2026-07-23T04:33:23.199Z,6,Black,even,low,e18b970b-1b9c-4130-aff0-9e1342d91e7c,
e18b970b-1b9c-4130-aff0-9e1342d91e7c:51,2026-07-23T04:34:25.748Z,23,Red,odd,high,e18b970b-1b9c-4130-aff0-9e1342d91e7c,
e18b970b-1b9c-4130-aff0-9e1342d91e7c:52,2026-07-23T04:35:27.757Z,36,Red,even,high,e18b970b-1b9c-4130-aff0-9e1342d91e7c,
e18b970b-1b9c-4130-aff0-9e1342d91e7c:53,2026-07-23T04:36:28.099Z,27,Red,odd,high,e18b970b-1b9c-4130-aff0-9e1342d91e7c,
e18b970b-1b9c-4130-aff0-9e1342d91e7c:54,2026-07-23T04:37:28.109Z,31,Black,odd,high,e18b970b-1b9c-4130-aff0-9e1342d91e7c,
e18b970b-1b9c-4130-aff0-9e1342d91e7c:55,2026-07-23T04:38:27.898Z,24,Black,even,high,e18b970b-1b9c-4130-aff0-9e1342d91e7c,
e18b970b-1b9c-4130-aff0-9e1342d91e7c:56,2026-07-23T04:39:26.274Z,27,Red,odd,high,e18b970b-1b9c-4130-aff0-9e1342d91e7c,
e18b970b-1b9c-4130-aff0-9e1342d91e7c:57,2026-07-23T04:40:47.077Z,10,Black,even,low,e18b970b-1b9c-4130-aff0-9e1342d91e7c,
e18b970b-1b9c-4130-aff0-9e1342d91e7c:58,2026-07-23T04:41:50.108Z,14,Red,even,low,e18b970b-1b9c-4130-aff0-9e1342d91e7c,
e18b970b-1b9c-4130-aff0-9e1342d91e7c:59,2026-07-23T04:42:39.613Z,7,Red,odd,low,e18b970b-1b9c-4130-aff0-9e1342d91e7c,
e18b970b-1b9c-4130-aff0-9e1342d91e7c:60,2026-07-23T04:43:43.497Z,7,Red,odd,low,e18b970b-1b9c-4130-aff0-9e1342d91e7c,
e18b970b-1b9c-4130-aff0-9e1342d91e7c:61,2026-07-23T04:44:41.133Z,24,Black,even,high,e18b970b-1b9c-4130-aff0-9e1342d91e7c,
e18b970b-1b9c-4130-aff0-9e1342d91e7c:62,2026-07-23T04:45:41.161Z,24,Black,even,high,e18b970b-1b9c-4130-aff0-9e1342d91e7c,
e18b970b-1b9c-4130-aff0-9e1342d91e7c:63,2026-07-23T04:46:38.269Z,11,Black,odd,low,e18b970b-1b9c-4130-aff0-9e1342d91e7c,
e18b970b-1b9c-4130-aff0-9e1342d91e7c:64,2026-07-23T04:46:45.040Z,11,Black,odd,low,e18b970b-1b9c-4130-aff0-9e1342d91e7c,
e18b970b-1b9c-4130-aff0-9e1342d91e7c:65,2026-07-23T04:47:28.971Z,4,Black,even,low,e18b970b-1b9c-4130-aff0-9e1342d91e7c,
e18b970b-1b9c-4130-aff0-9e1342d91e7c:66,2026-07-23T04:48:26.467Z,12,Red,even,low,e18b970b-1b9c-4130-aff0-9e1342d91e7c,
e18b970b-1b9c-4130-aff0-9e1342d91e7c:67,2026-07-23T04:49:26.603Z,1,Red,odd,low,e18b970b-1b9c-4130-aff0-9e1342d91e7c,
e18b970b-1b9c-4130-aff0-9e1342d91e7c:68,2026-07-23T04:50:20.552Z,14,Red,even,low,e18b970b-1b9c-4130-aff0-9e1342d91e7c,
e18b970b-1b9c-4130-aff0-9e1342d91e7c:69,2026-07-23T04:51:20.019Z,23,Red,odd,high,e18b970b-1b9c-4130-aff0-9e1342d91e7c,
e18b970b-1b9c-4130-aff0-9e1342d91e7c:70,2026-07-23T04:52:23.000Z,32,Red,even,high,e18b970b-1b9c-4130-aff0-9e1342d91e7c,
7b295da6-36be-47b4-af30-6d547ad6c063:1,2026-07-23T12:50:00.251Z,13,Black,odd,low,7b295da6-36be-47b4-af30-6d547ad6c063,
7b295da6-36be-47b4-af30-6d547ad6c063:2,2026-07-23T12:50:01.718Z,27,Red,odd,high,7b295da6-36be-47b4-af30-6d547ad6c063,
7b295da6-36be-47b4-af30-6d547ad6c063:3,2026-07-23T12:50:03.610Z,2,Black,even,low,7b295da6-36be-47b4-af30-6d547ad6c063,
7b295da6-36be-47b4-af30-6d547ad6c063:4,2026-07-23T12:50:31.184Z,28,Black,even,high,7b295da6-36be-47b4-af30-6d547ad6c063,
7b295da6-36be-47b4-af30-6d547ad6c063:5,2026-07-23T12:51:17.704Z,26,Black,even,high,7b295da6-36be-47b4-af30-6d547ad6c063,
7b295da6-36be-47b4-af30-6d547ad6c063:6,2026-07-23T12:51:58.085Z,22,Black,even,high,7b295da6-36be-47b4-af30-6d547ad6c063,
7b295da6-36be-47b4-af30-6d547ad6c063:7,2026-07-23T12:52:42.079Z,29,Black,odd,high,7b295da6-36be-47b4-af30-6d547ad6c063,
7b295da6-36be-47b4-af30-6d547ad6c063:8,2026-07-23T12:53:28.127Z,29,Black,odd,high,7b295da6-36be-47b4-af30-6d547ad6c063,
7b295da6-36be-47b4-af30-6d547ad6c063:9,2026-07-23T12:54:16.441Z,33,Black,odd,high,7b295da6-36be-47b4-af30-6d547ad6c063,
7b295da6-36be-47b4-af30-6d547ad6c063:10,2026-07-23T12:55:03.470Z,25,Red,odd,high,7b295da6-36be-47b4-af30-6d547ad6c063,
7b295da6-36be-47b4-af30-6d547ad6c063:11,2026-07-23T12:55:51.249Z,7,Red,odd,low,7b295da6-36be-47b4-af30-6d547ad6c063,
7b295da6-36be-47b4-af30-6d547ad6c063:12,2026-07-23T12:57:13.193Z,5,Red,odd,low,7b295da6-36be-47b4-af30-6d547ad6c063,
7b295da6-36be-47b4-af30-6d547ad6c063:13,2026-07-23T12:57:57.774Z,13,Black,odd,low,7b295da6-36be-47b4-af30-6d547ad6c063,
7b295da6-36be-47b4-af30-6d547ad6c063:14,2026-07-23T12:58:41.360Z,20,Black,even,high,7b295da6-36be-47b4-af30-6d547ad6c063,
7b295da6-36be-47b4-af30-6d547ad6c063:15,2026-07-23T12:59:28.256Z,14,Red,even,low,7b295da6-36be-47b4-af30-6d547ad6c063,
7b295da6-36be-47b4-af30-6d547ad6c063:16,2026-07-23T13:00:20.378Z,11,Black,odd,low,7b295da6-36be-47b4-af30-6d547ad6c063,
7b295da6-36be-47b4-af30-6d547ad6c063:17,2026-07-23T13:01:02.772Z,18,Red,even,low,7b295da6-36be-47b4-af30-6d547ad6c063,
7b295da6-36be-47b4-af30-6d547ad6c063:18,2026-07-23T13:01:46.052Z,34,Red,even,high,7b295da6-36be-47b4-af30-6d547ad6c063,
7b295da6-36be-47b4-af30-6d547ad6c063:19,2026-07-23T13:02:30.202Z,31,Black,odd,high,7b295da6-36be-47b4-af30-6d547ad6c063,
7b295da6-36be-47b4-af30-6d547ad6c063:20,2026-07-23T13:03:13.456Z,35,Black,odd,high,7b295da6-36be-47b4-af30-6d547ad6c063,
7b295da6-36be-47b4-af30-6d547ad6c063:21,2026-07-23T13:03:58.289Z,21,Red,odd,high,7b295da6-36be-47b4-af30-6d547ad6c063,
7b295da6-36be-47b4-af30-6d547ad6c063:22,2026-07-23T13:04:41.522Z,30,Red,even,high,7b295da6-36be-47b4-af30-6d547ad6c063,
7b295da6-36be-47b4-af30-6d547ad6c063:23,2026-07-23T13:05:25.310Z,12,Red,even,low,7b295da6-36be-47b4-af30-6d547ad6c063,
7b295da6-36be-47b4-af30-6d547ad6c063:24,2026-07-23T13:06:11.264Z,16,Red,even,low,7b295da6-36be-47b4-af30-6d547ad6c063,
7b295da6-36be-47b4-af30-6d547ad6c063:25,2026-07-23T13:06:54.294Z,6,Black,even,low,7b295da6-36be-47b4-af30-6d547ad6c063,
7b295da6-36be-47b4-af30-6d547ad6c063:26,2026-07-23T13:07:42.228Z,8,Black,even,low,7b295da6-36be-47b4-af30-6d547ad6c063,
7b295da6-36be-47b4-af30-6d547ad6c063:27,2026-07-23T13:08:25.091Z,18,Red,even,low,7b295da6-36be-47b4-af30-6d547ad6c063,
7b295da6-36be-47b4-af30-6d547ad6c063:28,2026-07-23T13:09:08.541Z,28,Black,even,high,7b295da6-36be-47b4-af30-6d547ad6c063,
7b295da6-36be-47b4-af30-6d547ad6c063:29,2026-07-23T13:09:54.809Z,18,Red,even,low,7b295da6-36be-47b4-af30-6d547ad6c063,
7b295da6-36be-47b4-af30-6d547ad6c063:30,2026-07-23T13:10:36.152Z,0,Green,Zero,Zero,7b295da6-36be-47b4-af30-6d547ad6c063,
7b295da6-36be-47b4-af30-6d547ad6c063:31,2026-07-23T13:11:24.525Z,9,Red,odd,low,7b295da6-36be-47b4-af30-6d547ad6c063,
7b295da6-36be-47b4-af30-6d547ad6c063:32,2026-07-23T13:12:07.673Z,14,Red,even,low,7b295da6-36be-47b4-af30-6d547ad6c063,
7b295da6-36be-47b4-af30-6d547ad6c063:33,2026-07-23T13:12:50.305Z,19,Red,odd,high,7b295da6-36be-47b4-af30-6d547ad6c063,
7b295da6-36be-47b4-af30-6d547ad6c063:34,2026-07-23T13:13:33.400Z,0,Green,Zero,Zero,7b295da6-36be-47b4-af30-6d547ad6c063,
7b295da6-36be-47b4-af30-6d547ad6c063:35,2026-07-23T13:14:20.675Z,9,Red,odd,low,7b295da6-36be-47b4-af30-6d547ad6c063,
7b295da6-36be-47b4-af30-6d547ad6c063:36,2026-07-23T13:15:00.279Z,24,Black,even,high,7b295da6-36be-47b4-af30-6d547ad6c063,
7b295da6-36be-47b4-af30-6d547ad6c063:37,2026-07-23T13:15:41.823Z,22,Black,even,high,7b295da6-36be-47b4-af30-6d547ad6c063,
7b295da6-36be-47b4-af30-6d547ad6c063:38,2026-07-23T13:16:22.666Z,7,Red,odd,low,7b295da6-36be-47b4-af30-6d547ad6c063,
7b295da6-36be-47b4-af30-6d547ad6c063:39,2026-07-23T13:17:04.907Z,11,Black,odd,low,7b295da6-36be-47b4-af30-6d547ad6c063,
7b295da6-36be-47b4-af30-6d547ad6c063:40,2026-07-23T13:17:46.868Z,18,Red,even,low,7b295da6-36be-47b4-af30-6d547ad6c063,
7b295da6-36be-47b4-af30-6d547ad6c063:41,2026-07-23T13:18:28.186Z,35,Black,odd,high,7b295da6-36be-47b4-af30-6d547ad6c063,
7b295da6-36be-47b4-af30-6d547ad6c063:42,2026-07-23T13:19:07.582Z,8,Black,even,low,7b295da6-36be-47b4-af30-6d547ad6c063,
7b295da6-36be-47b4-af30-6d547ad6c063:43,2026-07-23T13:19:47.485Z,1,Red,odd,low,7b295da6-36be-47b4-af30-6d547ad6c063,
7b295da6-36be-47b4-af30-6d547ad6c063:44,2026-07-23T13:20:29.161Z,10,Black,even,low,7b295da6-36be-47b4-af30-6d547ad6c063,
7b295da6-36be-47b4-af30-6d547ad6c063:45,2026-07-23T13:21:12.421Z,0,Green,Zero,Zero,7b295da6-36be-47b4-af30-6d547ad6c063,
7b295da6-36be-47b4-af30-6d547ad6c063:46,2026-07-23T13:21:55.849Z,33,Black,odd,high,7b295da6-36be-47b4-af30-6d547ad6c063,
7b295da6-36be-47b4-af30-6d547ad6c063:47,2026-07-23T13:22:39.229Z,6,Black,even,low,7b295da6-36be-47b4-af30-6d547ad6c063,
7b295da6-36be-47b4-af30-6d547ad6c063:48,2026-07-23T13:23:20.903Z,21,Red,odd,high,7b295da6-36be-47b4-af30-6d547ad6c063,
7b295da6-36be-47b4-af30-6d547ad6c063:49,2026-07-23T13:24:00.125Z,14,Red,even,low,7b295da6-36be-47b4-af30-6d547ad6c063,
7b295da6-36be-47b4-af30-6d547ad6c063:50,2026-07-23T13:24:41.228Z,30,Red,even,high,7b295da6-36be-47b4-af30-6d547ad6c063,
7b295da6-36be-47b4-af30-6d547ad6c063:51,2026-07-23T13:25:21.642Z,16,Red,even,low,7b295da6-36be-47b4-af30-6d547ad6c063,
7b295da6-36be-47b4-af30-6d547ad6c063:52,2026-07-23T13:26:03.380Z,11,Black,odd,low,7b295da6-36be-47b4-af30-6d547ad6c063,
3ea2aca3-1889-476e-9c86-f95c05b87a2f:1,2026-07-23T19:56:57.670Z,6,Black,even,low,3ea2aca3-1889-476e-9c86-f95c05b87a2f,
3ea2aca3-1889-476e-9c86-f95c05b87a2f:2,2026-07-23T19:57:06.556Z,7,Red,odd,low,3ea2aca3-1889-476e-9c86-f95c05b87a2f,
3ea2aca3-1889-476e-9c86-f95c05b87a2f:3,2026-07-23T19:58:19.592Z,2,Black,even,low,3ea2aca3-1889-476e-9c86-f95c05b87a2f,
3ea2aca3-1889-476e-9c86-f95c05b87a2f:4,2026-07-23T19:58:22.406Z,25,Red,odd,high,3ea2aca3-1889-476e-9c86-f95c05b87a2f,
3ea2aca3-1889-476e-9c86-f95c05b87a2f:5,2026-07-23T19:58:57.418Z,24,Black,even,high,3ea2aca3-1889-476e-9c86-f95c05b87a2f,
3ea2aca3-1889-476e-9c86-f95c05b87a2f:6,2026-07-23T19:59:31.095Z,9,Red,odd,low,3ea2aca3-1889-476e-9c86-f95c05b87a2f,
3ea2aca3-1889-476e-9c86-f95c05b87a2f:7,2026-07-23T20:00:09.527Z,1,Red,odd,low,3ea2aca3-1889-476e-9c86-f95c05b87a2f,
3ea2aca3-1889-476e-9c86-f95c05b87a2f:8,2026-07-23T20:00:48.147Z,6,Black,even,low,3ea2aca3-1889-476e-9c86-f95c05b87a2f,
3ea2aca3-1889-476e-9c86-f95c05b87a2f:9,2026-07-23T20:01:22.477Z,34,Red,even,high,3ea2aca3-1889-476e-9c86-f95c05b87a2f,
3ea2aca3-1889-476e-9c86-f95c05b87a2f:10,2026-07-23T20:01:57.424Z,12,Red,even,low,3ea2aca3-1889-476e-9c86-f95c05b87a2f,
3ea2aca3-1889-476e-9c86-f95c05b87a2f:11,2026-07-23T20:02:35.838Z,14,Red,even,low,3ea2aca3-1889-476e-9c86-f95c05b87a2f,
3ea2aca3-1889-476e-9c86-f95c05b87a2f:12,2026-07-23T20:03:14.830Z,27,Red,odd,high,3ea2aca3-1889-476e-9c86-f95c05b87a2f,
3ea2aca3-1889-476e-9c86-f95c05b87a2f:13,2026-07-23T20:03:44.677Z,22,Black,even,high,3ea2aca3-1889-476e-9c86-f95c05b87a2f,
3ea2aca3-1889-476e-9c86-f95c05b87a2f:14,2026-07-23T20:04:21.985Z,22,Black,even,high,3ea2aca3-1889-476e-9c86-f95c05b87a2f,
3ea2aca3-1889-476e-9c86-f95c05b87a2f:15,2026-07-23T20:04:54.666Z,18,Red,even,low,3ea2aca3-1889-476e-9c86-f95c05b87a2f,
3ea2aca3-1889-476e-9c86-f95c05b87a2f:16,2026-07-23T20:05:31.332Z,3,Red,odd,low,3ea2aca3-1889-476e-9c86-f95c05b87a2f,
3ea2aca3-1889-476e-9c86-f95c05b87a2f:17,2026-07-23T20:06:09.413Z,24,Black,even,high,3ea2aca3-1889-476e-9c86-f95c05b87a2f,
3ea2aca3-1889-476e-9c86-f95c05b87a2f:18,2026-07-23T20:06:40.805Z,12,Red,even,low,3ea2aca3-1889-476e-9c86-f95c05b87a2f,
3ea2aca3-1889-476e-9c86-f95c05b87a2f:19,2026-07-23T20:07:20.813Z,34,Red,even,high,3ea2aca3-1889-476e-9c86-f95c05b87a2f,
3ea2aca3-1889-476e-9c86-f95c05b87a2f:20,2026-07-23T20:07:58.620Z,13,Black,odd,low,3ea2aca3-1889-476e-9c86-f95c05b87a2f,
3ea2aca3-1889-476e-9c86-f95c05b87a2f:21,2026-07-23T20:08:33.646Z,4,Black,even,low,3ea2aca3-1889-476e-9c86-f95c05b87a2f,
3ea2aca3-1889-476e-9c86-f95c05b87a2f:22,2026-07-23T20:09:08.518Z,0,Green,Zero,Zero,3ea2aca3-1889-476e-9c86-f95c05b87a2f,
3ea2aca3-1889-476e-9c86-f95c05b87a2f:23,2026-07-23T20:09:55.994Z,14,Red,even,low,3ea2aca3-1889-476e-9c86-f95c05b87a2f,
3ea2aca3-1889-476e-9c86-f95c05b87a2f:24,2026-07-23T20:10:24.167Z,29,Black,odd,high,3ea2aca3-1889-476e-9c86-f95c05b87a2f,
3ea2aca3-1889-476e-9c86-f95c05b87a2f:25,2026-07-23T20:11:01.701Z,14,Red,even,low,3ea2aca3-1889-476e-9c86-f95c05b87a2f,
3ea2aca3-1889-476e-9c86-f95c05b87a2f:26,2026-07-23T20:11:38.295Z,31,Black,odd,high,3ea2aca3-1889-476e-9c86-f95c05b87a2f,
3ea2aca3-1889-476e-9c86-f95c05b87a2f:27,2026-07-23T20:12:14.905Z,36,Red,even,high,3ea2aca3-1889-476e-9c86-f95c05b87a2f,
3ea2aca3-1889-476e-9c86-f95c05b87a2f:28,2026-07-23T20:12:51.289Z,0,Green,Zero,Zero,3ea2aca3-1889-476e-9c86-f95c05b87a2f,
3ea2aca3-1889-476e-9c86-f95c05b87a2f:29,2026-07-23T20:13:27.125Z,35,Black,odd,high,3ea2aca3-1889-476e-9c86-f95c05b87a2f,
3ea2aca3-1889-476e-9c86-f95c05b87a2f:30,2026-07-23T20:14:06.389Z,14,Red,even,low,3ea2aca3-1889-476e-9c86-f95c05b87a2f,
3ea2aca3-1889-476e-9c86-f95c05b87a2f:31,2026-07-23T20:14:44.378Z,6,Black,even,low,3ea2aca3-1889-476e-9c86-f95c05b87a2f,
3ea2aca3-1889-476e-9c86-f95c05b87a2f:32,2026-07-23T20:15:16.862Z,5,Red,odd,low,3ea2aca3-1889-476e-9c86-f95c05b87a2f,
3ea2aca3-1889-476e-9c86-f95c05b87a2f:33,2026-07-23T20:15:57.275Z,13,Black,odd,low,3ea2aca3-1889-476e-9c86-f95c05b87a2f,
3ea2aca3-1889-476e-9c86-f95c05b87a2f:34,2026-07-23T20:16:34.046Z,15,Black,odd,low,3ea2aca3-1889-476e-9c86-f95c05b87a2f,
3ea2aca3-1889-476e-9c86-f95c05b87a2f:35,2026-07-23T20:17:06.745Z,22,Black,even,high,3ea2aca3-1889-476e-9c86-f95c05b87a2f,
3ea2aca3-1889-476e-9c86-f95c05b87a2f:36,2026-07-23T20:17:44.448Z,29,Black,odd,high,3ea2aca3-1889-476e-9c86-f95c05b87a2f,
3ea2aca3-1889-476e-9c86-f95c05b87a2f:37,2026-07-23T20:18:18.541Z,10,Black,even,low,3ea2aca3-1889-476e-9c86-f95c05b87a2f,
3ea2aca3-1889-476e-9c86-f95c05b87a2f:38,2026-07-23T20:18:55.795Z,5,Red,odd,low,3ea2aca3-1889-476e-9c86-f95c05b87a2f,
3ea2aca3-1889-476e-9c86-f95c05b87a2f:39,2026-07-23T20:19:32.160Z,15,Black,odd,low,3ea2aca3-1889-476e-9c86-f95c05b87a2f,
3ea2aca3-1889-476e-9c86-f95c05b87a2f:40,2026-07-23T20:20:08.064Z,2,Black,even,low,3ea2aca3-1889-476e-9c86-f95c05b87a2f,
3ea2aca3-1889-476e-9c86-f95c05b87a2f:41,2026-07-23T20:20:46.136Z,35,Black,odd,high,3ea2aca3-1889-476e-9c86-f95c05b87a2f,
3ea2aca3-1889-476e-9c86-f95c05b87a2f:42,2026-07-23T20:21:20.634Z,0,Green,Zero,Zero,3ea2aca3-1889-476e-9c86-f95c05b87a2f,
3ea2aca3-1889-476e-9c86-f95c05b87a2f:43,2026-07-23T20:21:58.598Z,20,Black,even,high,3ea2aca3-1889-476e-9c86-f95c05b87a2f,
3ea2aca3-1889-476e-9c86-f95c05b87a2f:44,2026-07-23T20:22:34.281Z,20,Black,even,high,3ea2aca3-1889-476e-9c86-f95c05b87a2f,
3ea2aca3-1889-476e-9c86-f95c05b87a2f:45,2026-07-23T20:23:09.706Z,24,Black,even,high,3ea2aca3-1889-476e-9c86-f95c05b87a2f,
3ea2aca3-1889-476e-9c86-f95c05b87a2f:46,2026-07-23T20:23:46.906Z,29,Black,odd,high,3ea2aca3-1889-476e-9c86-f95c05b87a2f,
3ea2aca3-1889-476e-9c86-f95c05b87a2f:47,2026-07-23T20:24:22.567Z,27,Red,odd,high,3ea2aca3-1889-476e-9c86-f95c05b87a2f,
3ea2aca3-1889-476e-9c86-f95c05b87a2f:48,2026-07-23T20:25:02.976Z,25,Red,odd,high,3ea2aca3-1889-476e-9c86-f95c05b87a2f,
3ea2aca3-1889-476e-9c86-f95c05b87a2f:49,2026-07-23T20:25:35.775Z,13,Black,odd,low,3ea2aca3-1889-476e-9c86-f95c05b87a2f,
3ea2aca3-1889-476e-9c86-f95c05b87a2f:50,2026-07-23T20:26:12.361Z,27,Red,odd,high,3ea2aca3-1889-476e-9c86-f95c05b87a2f,
3ea2aca3-1889-476e-9c86-f95c05b87a2f:51,2026-07-23T20:26:49.237Z,27,Red,odd,high,3ea2aca3-1889-476e-9c86-f95c05b87a2f,
3ea2aca3-1889-476e-9c86-f95c05b87a2f:52,2026-07-23T20:27:27.956Z,5,Red,odd,low,3ea2aca3-1889-476e-9c86-f95c05b87a2f,
3ea2aca3-1889-476e-9c86-f95c05b87a2f:53,2026-07-23T20:28:03.674Z,7,Red,odd,low,3ea2aca3-1889-476e-9c86-f95c05b87a2f,
3ea2aca3-1889-476e-9c86-f95c05b87a2f:54,2026-07-23T20:28:43.794Z,14,Red,even,low,3ea2aca3-1889-476e-9c86-f95c05b87a2f,
3ea2aca3-1889-476e-9c86-f95c05b87a2f:55,2026-07-23T20:29:19.967Z,19,Red,odd,high,3ea2aca3-1889-476e-9c86-f95c05b87a2f,
3ea2aca3-1889-476e-9c86-f95c05b87a2f:56,2026-07-23T20:29:55.970Z,13,Black,odd,low,3ea2aca3-1889-476e-9c86-f95c05b87a2f,
3ea2aca3-1889-476e-9c86-f95c05b87a2f:57,2026-07-23T20:30:29.276Z,2,Black,even,low,3ea2aca3-1889-476e-9c86-f95c05b87a2f,
3ea2aca3-1889-476e-9c86-f95c05b87a2f:58,2026-07-23T20:31:08.933Z,29,Black,odd,high,3ea2aca3-1889-476e-9c86-f95c05b87a2f,
3ea2aca3-1889-476e-9c86-f95c05b87a2f:59,2026-07-23T20:31:46.298Z,6,Black,even,low,3ea2aca3-1889-476e-9c86-f95c05b87a2f,
3ea2aca3-1889-476e-9c86-f95c05b87a2f:60,2026-07-23T20:32:22.836Z,30,Red,even,high,3ea2aca3-1889-476e-9c86-f95c05b87a2f,
3ea2aca3-1889-476e-9c86-f95c05b87a2f:61,2026-07-23T20:32:59.141Z,23,Red,odd,high,3ea2aca3-1889-476e-9c86-f95c05b87a2f,
3ea2aca3-1889-476e-9c86-f95c05b87a2f:62,2026-07-23T20:33:35.969Z,26,Black,even,high,3ea2aca3-1889-476e-9c86-f95c05b87a2f,
3ea2aca3-1889-476e-9c86-f95c05b87a2f:63,2026-07-23T20:34:11.523Z,36,Red,even,high,3ea2aca3-1889-476e-9c86-f95c05b87a2f,
3ea2aca3-1889-476e-9c86-f95c05b87a2f:64,2026-07-23T20:34:53.587Z,11,Black,odd,low,3ea2aca3-1889-476e-9c86-f95c05b87a2f,
3ea2aca3-1889-476e-9c86-f95c05b87a2f:65,2026-07-23T20:35:28.696Z,13,Black,odd,low,3ea2aca3-1889-476e-9c86-f95c05b87a2f,
3ea2aca3-1889-476e-9c86-f95c05b87a2f:66,2026-07-23T20:36:01.655Z,4,Black,even,low,3ea2aca3-1889-476e-9c86-f95c05b87a2f,
3ea2aca3-1889-476e-9c86-f95c05b87a2f:67,2026-07-23T20:36:40.971Z,16,Red,even,low,3ea2aca3-1889-476e-9c86-f95c05b87a2f,
3ea2aca3-1889-476e-9c86-f95c05b87a2f:68,2026-07-23T20:37:14.905Z,32,Red,even,high,3ea2aca3-1889-476e-9c86-f95c05b87a2f,
3ea2aca3-1889-476e-9c86-f95c05b87a2f:69,2026-07-23T20:37:52.007Z,36,Red,even,high,3ea2aca3-1889-476e-9c86-f95c05b87a2f,
3ea2aca3-1889-476e-9c86-f95c05b87a2f:70,2026-07-23T20:38:28.823Z,26,Black,even,high,3ea2aca3-1889-476e-9c86-f95c05b87a2f,
3ea2aca3-1889-476e-9c86-f95c05b87a2f:71,2026-07-23T20:39:05.477Z,15,Black,odd,low,3ea2aca3-1889-476e-9c86-f95c05b87a2f,
3ea2aca3-1889-476e-9c86-f95c05b87a2f:72,2026-07-23T20:39:42.354Z,23,Red,odd,high,3ea2aca3-1889-476e-9c86-f95c05b87a2f,
3ea2aca3-1889-476e-9c86-f95c05b87a2f:73,2026-07-23T20:40:21.000Z,8,Black,even,low,3ea2aca3-1889-476e-9c86-f95c05b87a2f,
3ea2aca3-1889-476e-9c86-f95c05b87a2f:74,2026-07-23T20:40:58.484Z,0,Green,Zero,Zero,3ea2aca3-1889-476e-9c86-f95c05b87a2f,
3ea2aca3-1889-476e-9c86-f95c05b87a2f:74,2026-07-23T20:40:58.484Z,0,Green,Zero,Zero,3ea2aca3-1889-476e-9c86-f95c05b87a2f,
3ea2aca3-1889-476e-9c86-f95c05b87a2f:75,2026-07-23T20:41:36.960Z,0,Green,Zero,Zero,3ea2aca3-1889-476e-9c86-f95c05b87a2f,
3ea2aca3-1889-476e-9c86-f95c05b87a2f:76,2026-07-23T20:42:13.516Z,26,Black,even,high,3ea2aca3-1889-476e-9c86-f95c05b87a2f,
3ea2aca3-1889-476e-9c86-f95c05b87a2f:77,2026-07-23T20:42:49.312Z,32,Red,even,high,3ea2aca3-1889-476e-9c86-f95c05b87a2f,
3ea2aca3-1889-476e-9c86-f95c05b87a2f:78,2026-07-23T20:43:32.312Z,5,Red,odd,low,3ea2aca3-1889-476e-9c86-f95c05b87a2f,
3ea2aca3-1889-476e-9c86-f95c05b87a2f:79,2026-07-23T20:44:04.425Z,11,Black,odd,low,3ea2aca3-1889-476e-9c86-f95c05b87a2f,
3ea2aca3-1889-476e-9c86-f95c05b87a2f:80,2026-07-23T20:44:43.356Z,5,Red,odd,low,3ea2aca3-1889-476e-9c86-f95c05b87a2f,
3ea2aca3-1889-476e-9c86-f95c05b87a2f:81,2026-07-23T20:45:26.620Z,6,Black,even,low,3ea2aca3-1889-476e-9c86-f95c05b87a2f,
3ea2aca3-1889-476e-9c86-f95c05b87a2f:82,2026-07-23T20:45:56.790Z,2,Black,even,low,3ea2aca3-1889-476e-9c86-f95c05b87a2f,
3ea2aca3-1889-476e-9c86-f95c05b87a2f:83,2026-07-23T20:46:36.153Z,10,Black,even,low,3ea2aca3-1889-476e-9c86-f95c05b87a2f,
3ea2aca3-1889-476e-9c86-f95c05b87a2f:84,2026-07-23T20:47:20.396Z,36,Red,even,high,3ea2aca3-1889-476e-9c86-f95c05b87a2f,
3ea2aca3-1889-476e-9c86-f95c05b87a2f:85,2026-07-23T20:47:52.302Z,9,Red,odd,low,3ea2aca3-1889-476e-9c86-f95c05b87a2f,
3ea2aca3-1889-476e-9c86-f95c05b87a2f:86,2026-07-23T20:48:22.887Z,9,Red,odd,low,3ea2aca3-1889-476e-9c86-f95c05b87a2f,
646e6545-1ae0-4a12-b7a0-e3f3ffe5411c:1,2026-07-24T00:52:36.568Z,11,Black,odd,low,646e6545-1ae0-4a12-b7a0-e3f3ffe5411c,
646e6545-1ae0-4a12-b7a0-e3f3ffe5411c:2,2026-07-24T00:52:37.794Z,7,Red,odd,low,646e6545-1ae0-4a12-b7a0-e3f3ffe5411c,
646e6545-1ae0-4a12-b7a0-e3f3ffe5411c:3,2026-07-24T00:52:39.899Z,16,Red,even,low,646e6545-1ae0-4a12-b7a0-e3f3ffe5411c,
646e6545-1ae0-4a12-b7a0-e3f3ffe5411c:4,2026-07-24T00:52:41.197Z,15,Black,odd,low,646e6545-1ae0-4a12-b7a0-e3f3ffe5411c,
646e6545-1ae0-4a12-b7a0-e3f3ffe5411c:5,2026-07-24T00:52:42.525Z,18,Red,even,low,646e6545-1ae0-4a12-b7a0-e3f3ffe5411c,
646e6545-1ae0-4a12-b7a0-e3f3ffe5411c:6,2026-07-24T00:52:46.077Z,10,Black,even,low,646e6545-1ae0-4a12-b7a0-e3f3ffe5411c,
646e6545-1ae0-4a12-b7a0-e3f3ffe5411c:7,2026-07-24T00:52:49.754Z,22,Black,even,high,646e6545-1ae0-4a12-b7a0-e3f3ffe5411c,
646e6545-1ae0-4a12-b7a0-e3f3ffe5411c:8,2026-07-24T00:52:51.090Z,31,Black,odd,high,646e6545-1ae0-4a12-b7a0-e3f3ffe5411c,
646e6545-1ae0-4a12-b7a0-e3f3ffe5411c:9,2026-07-24T00:52:52.593Z,6,Black,even,low,646e6545-1ae0-4a12-b7a0-e3f3ffe5411c,
646e6545-1ae0-4a12-b7a0-e3f3ffe5411c:10,2026-07-24T00:52:55.449Z,16,Red,even,low,646e6545-1ae0-4a12-b7a0-e3f3ffe5411c,
646e6545-1ae0-4a12-b7a0-e3f3ffe5411c:11,2026-07-24T00:52:57.223Z,0,Green,Zero,Zero,646e6545-1ae0-4a12-b7a0-e3f3ffe5411c,
646e6545-1ae0-4a12-b7a0-e3f3ffe5411c:12,2026-07-24T00:53:22.042Z,18,Red,even,low,646e6545-1ae0-4a12-b7a0-e3f3ffe5411c,
646e6545-1ae0-4a12-b7a0-e3f3ffe5411c:13,2026-07-24T00:54:08.356Z,24,Black,even,high,646e6545-1ae0-4a12-b7a0-e3f3ffe5411c,
646e6545-1ae0-4a12-b7a0-e3f3ffe5411c:14,2026-07-24T00:54:43.767Z,2,Black,even,low,646e6545-1ae0-4a12-b7a0-e3f3ffe5411c,
646e6545-1ae0-4a12-b7a0-e3f3ffe5411c:15,2026-07-24T00:55:34.145Z,3,Red,odd,low,646e6545-1ae0-4a12-b7a0-e3f3ffe5411c,
646e6545-1ae0-4a12-b7a0-e3f3ffe5411c:16,2026-07-24T00:56:06.881Z,4,Black,even,low,646e6545-1ae0-4a12-b7a0-e3f3ffe5411c,
646e6545-1ae0-4a12-b7a0-e3f3ffe5411c:17,2026-07-24T00:56:47.131Z,7,Red,odd,low,646e6545-1ae0-4a12-b7a0-e3f3ffe5411c,
646e6545-1ae0-4a12-b7a0-e3f3ffe5411c:18,2026-07-24T00:57:28.811Z,9,Red,odd,low,646e6545-1ae0-4a12-b7a0-e3f3ffe5411c,
646e6545-1ae0-4a12-b7a0-e3f3ffe5411c:19,2026-07-24T00:58:11.616Z,4,Black,even,low,646e6545-1ae0-4a12-b7a0-e3f3ffe5411c,
646e6545-1ae0-4a12-b7a0-e3f3ffe5411c:20,2026-07-24T00:58:58.823Z,30,Red,even,high,646e6545-1ae0-4a12-b7a0-e3f3ffe5411c,
646e6545-1ae0-4a12-b7a0-e3f3ffe5411c:21,2026-07-24T01:00:43.074Z,8,Black,even,low,646e6545-1ae0-4a12-b7a0-e3f3ffe5411c,
646e6545-1ae0-4a12-b7a0-e3f3ffe5411c:22,2026-07-24T01:00:46.024Z,23,Red,odd,high,646e6545-1ae0-4a12-b7a0-e3f3ffe5411c,
646e6545-1ae0-4a12-b7a0-e3f3ffe5411c:23,2026-07-24T01:00:53.299Z,2,Black,even,low,646e6545-1ae0-4a12-b7a0-e3f3ffe5411c,
646e6545-1ae0-4a12-b7a0-e3f3ffe5411c:24,2026-07-24T01:01:35.370Z,32,Red,even,high,646e6545-1ae0-4a12-b7a0-e3f3ffe5411c,
646e6545-1ae0-4a12-b7a0-e3f3ffe5411c:25,2026-07-24T01:02:17.477Z,33,Black,odd,high,646e6545-1ae0-4a12-b7a0-e3f3ffe5411c,
646e6545-1ae0-4a12-b7a0-e3f3ffe5411c:26,2026-07-24T01:03:01.698Z,6,Black,even,low,646e6545-1ae0-4a12-b7a0-e3f3ffe5411c,
646e6545-1ae0-4a12-b7a0-e3f3ffe5411c:27,2026-07-24T01:03:41.649Z,16,Red,even,low,646e6545-1ae0-4a12-b7a0-e3f3ffe5411c,
646e6545-1ae0-4a12-b7a0-e3f3ffe5411c:28,2026-07-24T01:04:21.244Z,27,Red,odd,high,646e6545-1ae0-4a12-b7a0-e3f3ffe5411c,
646e6545-1ae0-4a12-b7a0-e3f3ffe5411c:29,2026-07-24T01:05:00.528Z,0,Green,Zero,Zero,646e6545-1ae0-4a12-b7a0-e3f3ffe5411c,
646e6545-1ae0-4a12-b7a0-e3f3ffe5411c:30,2026-07-24T01:05:44.506Z,23,Red,odd,high,646e6545-1ae0-4a12-b7a0-e3f3ffe5411c,
646e6545-1ae0-4a12-b7a0-e3f3ffe5411c:31,2026-07-24T01:07:17.156Z,14,Red,even,low,646e6545-1ae0-4a12-b7a0-e3f3ffe5411c,
646e6545-1ae0-4a12-b7a0-e3f3ffe5411c:32,2026-07-24T01:07:18.649Z,4,Black,even,low,646e6545-1ae0-4a12-b7a0-e3f3ffe5411c,
646e6545-1ae0-4a12-b7a0-e3f3ffe5411c:33,2026-07-24T01:07:47.034Z,13,Black,odd,low,646e6545-1ae0-4a12-b7a0-e3f3ffe5411c,
646e6545-1ae0-4a12-b7a0-e3f3ffe5411c:34,2026-07-24T01:08:28.155Z,0,Green,Zero,Zero,646e6545-1ae0-4a12-b7a0-e3f3ffe5411c,
646e6545-1ae0-4a12-b7a0-e3f3ffe5411c:35,2026-07-24T01:09:09.752Z,6,Black,even,low,646e6545-1ae0-4a12-b7a0-e3f3ffe5411c,
646e6545-1ae0-4a12-b7a0-e3f3ffe5411c:36,2026-07-24T01:10:09.750Z,20,Black,even,high,646e6545-1ae0-4a12-b7a0-e3f3ffe5411c,
646e6545-1ae0-4a12-b7a0-e3f3ffe5411c:37,2026-07-24T01:10:51.019Z,32,Red,even,high,646e6545-1ae0-4a12-b7a0-e3f3ffe5411c,
646e6545-1ae0-4a12-b7a0-e3f3ffe5411c:38,2026-07-24T01:11:35.363Z,23,Red,odd,high,646e6545-1ae0-4a12-b7a0-e3f3ffe5411c,
646e6545-1ae0-4a12-b7a0-e3f3ffe5411c:39,2026-07-24T01:12:15.344Z,1,Red,odd,low,646e6545-1ae0-4a12-b7a0-e3f3ffe5411c,
646e6545-1ae0-4a12-b7a0-e3f3ffe5411c:40,2026-07-24T01:13:02.095Z,7,Red,odd,low,646e6545-1ae0-4a12-b7a0-e3f3ffe5411c,
646e6545-1ae0-4a12-b7a0-e3f3ffe5411c:41,2026-07-24T01:13:40.883Z,21,Red,odd,high,646e6545-1ae0-4a12-b7a0-e3f3ffe5411c,
646e6545-1ae0-4a12-b7a0-e3f3ffe5411c:42,2026-07-24T01:14:26.219Z,2,Black,even,low,646e6545-1ae0-4a12-b7a0-e3f3ffe5411c,
646e6545-1ae0-4a12-b7a0-e3f3ffe5411c:43,2026-07-24T01:15:05.567Z,25,Red,odd,high,646e6545-1ae0-4a12-b7a0-e3f3ffe5411c,
646e6545-1ae0-4a12-b7a0-e3f3ffe5411c:44,2026-07-24T01:16:27.182Z,8,Black,even,low,646e6545-1ae0-4a12-b7a0-e3f3ffe5411c,
646e6545-1ae0-4a12-b7a0-e3f3ffe5411c:45,2026-07-24T01:16:32.742Z,36,Red,even,high,646e6545-1ae0-4a12-b7a0-e3f3ffe5411c,
646e6545-1ae0-4a12-b7a0-e3f3ffe5411c:46,2026-07-24T01:17:10.948Z,21,Red,odd,high,646e6545-1ae0-4a12-b7a0-e3f3ffe5411c,
646e6545-1ae0-4a12-b7a0-e3f3ffe5411c:47,2026-07-24T01:17:53.698Z,6,Black,even,low,646e6545-1ae0-4a12-b7a0-e3f3ffe5411c,
61d00b4b-7ceb-4d45-93f9-32f6ce117ce3:1,2026-07-24T01:33:53.676Z,30,Red,even,high,61d00b4b-7ceb-4d45-93f9-32f6ce117ce3,
61d00b4b-7ceb-4d45-93f9-32f6ce117ce3:2,2026-07-24T01:34:00.422Z,12,Red,even,low,61d00b4b-7ceb-4d45-93f9-32f6ce117ce3,
61d00b4b-7ceb-4d45-93f9-32f6ce117ce3:3,2026-07-24T01:35:15.660Z,18,Red,even,low,61d00b4b-7ceb-4d45-93f9-32f6ce117ce3,
61d00b4b-7ceb-4d45-93f9-32f6ce117ce3:4,2026-07-24T01:35:29.850Z,34,Red,even,high,61d00b4b-7ceb-4d45-93f9-32f6ce117ce3,
61d00b4b-7ceb-4d45-93f9-32f6ce117ce3:5,2026-07-24T01:36:05.790Z,10,Black,even,low,61d00b4b-7ceb-4d45-93f9-32f6ce117ce3,
61d00b4b-7ceb-4d45-93f9-32f6ce117ce3:6,2026-07-24T01:36:44.477Z,35,Black,odd,high,61d00b4b-7ceb-4d45-93f9-32f6ce117ce3,
61d00b4b-7ceb-4d45-93f9-32f6ce117ce3:7,2026-07-24T01:37:25.469Z,25,Red,odd,high,61d00b4b-7ceb-4d45-93f9-32f6ce117ce3,
61d00b4b-7ceb-4d45-93f9-32f6ce117ce3:8,2026-07-24T01:38:08.587Z,26,Black,even,high,61d00b4b-7ceb-4d45-93f9-32f6ce117ce3,
61d00b4b-7ceb-4d45-93f9-32f6ce117ce3:9,2026-07-24T01:38:44.677Z,5,Red,odd,low,61d00b4b-7ceb-4d45-93f9-32f6ce117ce3,
61d00b4b-7ceb-4d45-93f9-32f6ce117ce3:10,2026-07-24T01:39:28.524Z,24,Black,even,high,61d00b4b-7ceb-4d45-93f9-32f6ce117ce3,
61d00b4b-7ceb-4d45-93f9-32f6ce117ce3:11,2026-07-24T01:40:06.735Z,27,Red,odd,high,61d00b4b-7ceb-4d45-93f9-32f6ce117ce3,
61d00b4b-7ceb-4d45-93f9-32f6ce117ce3:12,2026-07-24T01:40:45.357Z,15,Black,odd,low,61d00b4b-7ceb-4d45-93f9-32f6ce117ce3,
61d00b4b-7ceb-4d45-93f9-32f6ce117ce3:13,2026-07-24T01:41:25.899Z,9,Red,odd,low,61d00b4b-7ceb-4d45-93f9-32f6ce117ce3,
61d00b4b-7ceb-4d45-93f9-32f6ce117ce3:14,2026-07-24T01:42:18.365Z,1,Red,odd,low,61d00b4b-7ceb-4d45-93f9-32f6ce117ce3,
61d00b4b-7ceb-4d45-93f9-32f6ce117ce3:15,2026-07-24T01:42:44.910Z,13,Black,odd,low,61d00b4b-7ceb-4d45-93f9-32f6ce117ce3,
61d00b4b-7ceb-4d45-93f9-32f6ce117ce3:16,2026-07-24T01:43:25.662Z,25,Red,odd,high,61d00b4b-7ceb-4d45-93f9-32f6ce117ce3,
61d00b4b-7ceb-4d45-93f9-32f6ce117ce3:16,2026-07-24T01:43:25.662Z,25,Red,odd,high,61d00b4b-7ceb-4d45-93f9-32f6ce117ce3,
61d00b4b-7ceb-4d45-93f9-32f6ce117ce3:17,2026-07-24T01:44:04.706Z,35,Black,odd,high,61d00b4b-7ceb-4d45-93f9-32f6ce117ce3,
61d00b4b-7ceb-4d45-93f9-32f6ce117ce3:16,2026-07-24T01:43:25.662Z,25,Red,odd,high,61d00b4b-7ceb-4d45-93f9-32f6ce117ce3,
61d00b4b-7ceb-4d45-93f9-32f6ce117ce3:17,2026-07-24T01:44:04.706Z,35,Black,odd,high,61d00b4b-7ceb-4d45-93f9-32f6ce117ce3,
61d00b4b-7ceb-4d45-93f9-32f6ce117ce3:18,2026-07-24T01:44:44.414Z,21,Red,odd,high,61d00b4b-7ceb-4d45-93f9-32f6ce117ce3,
61d00b4b-7ceb-4d45-93f9-32f6ce117ce3:16,2026-07-24T01:43:25.662Z,25,Red,odd,high,61d00b4b-7ceb-4d45-93f9-32f6ce117ce3,
61d00b4b-7ceb-4d45-93f9-32f6ce117ce3:17,2026-07-24T01:44:04.706Z,35,Black,odd,high,61d00b4b-7ceb-4d45-93f9-32f6ce117ce3,
61d00b4b-7ceb-4d45-93f9-32f6ce117ce3:18,2026-07-24T01:44:44.414Z,21,Red,odd,high,61d00b4b-7ceb-4d45-93f9-32f6ce117ce3,
61d00b4b-7ceb-4d45-93f9-32f6ce117ce3:19,2026-07-24T01:45:24.471Z,7,Red,odd,low,61d00b4b-7ceb-4d45-93f9-32f6ce117ce3,
61d00b4b-7ceb-4d45-93f9-32f6ce117ce3:20,2026-07-24T01:46:02.384Z,10,Black,even,low,61d00b4b-7ceb-4d45-93f9-32f6ce117ce3,
61d00b4b-7ceb-4d45-93f9-32f6ce117ce3:21,2026-07-24T01:46:41.936Z,12,Red,even,low,61d00b4b-7ceb-4d45-93f9-32f6ce117ce3,
61d00b4b-7ceb-4d45-93f9-32f6ce117ce3:22,2026-07-24T01:47:15.821Z,13,Black,odd,low,61d00b4b-7ceb-4d45-93f9-32f6ce117ce3,
61d00b4b-7ceb-4d45-93f9-32f6ce117ce3:23,2026-07-24T01:47:55.920Z,3,Red,odd,low,61d00b4b-7ceb-4d45-93f9-32f6ce117ce3,
61d00b4b-7ceb-4d45-93f9-32f6ce117ce3:24,2026-07-24T01:48:38.107Z,29,Black,odd,high,61d00b4b-7ceb-4d45-93f9-32f6ce117ce3,
61d00b4b-7ceb-4d45-93f9-32f6ce117ce3:25,2026-07-24T01:49:13.680Z,5,Red,odd,low,61d00b4b-7ceb-4d45-93f9-32f6ce117ce3,
61d00b4b-7ceb-4d45-93f9-32f6ce117ce3:26,2026-07-24T01:49:49.915Z,11,Black,odd,low,61d00b4b-7ceb-4d45-93f9-32f6ce117ce3,
61d00b4b-7ceb-4d45-93f9-32f6ce117ce3:27,2026-07-24T01:50:29.601Z,32,Red,even,high,61d00b4b-7ceb-4d45-93f9-32f6ce117ce3,
61d00b4b-7ceb-4d45-93f9-32f6ce117ce3:28,2026-07-24T01:51:07.503Z,9,Red,odd,low,61d00b4b-7ceb-4d45-93f9-32f6ce117ce3,
61d00b4b-7ceb-4d45-93f9-32f6ce117ce3:29,2026-07-24T01:51:42.778Z,32,Red,even,high,61d00b4b-7ceb-4d45-93f9-32f6ce117ce3,
61d00b4b-7ceb-4d45-93f9-32f6ce117ce3:30,2026-07-24T01:52:24.811Z,31,Black,odd,high,61d00b4b-7ceb-4d45-93f9-32f6ce117ce3,
61d00b4b-7ceb-4d45-93f9-32f6ce117ce3:31,2026-07-24T01:53:05.853Z,15,Black,odd,low,61d00b4b-7ceb-4d45-93f9-32f6ce117ce3,
61d00b4b-7ceb-4d45-93f9-32f6ce117ce3:32,2026-07-24T01:53:45.762Z,16,Red,even,low,61d00b4b-7ceb-4d45-93f9-32f6ce117ce3,
61d00b4b-7ceb-4d45-93f9-32f6ce117ce3:33,2026-07-24T01:54:27.986Z,31,Black,odd,high,61d00b4b-7ceb-4d45-93f9-32f6ce117ce3,
61d00b4b-7ceb-4d45-93f9-32f6ce117ce3:34,2026-07-24T01:55:09.767Z,10,Black,even,low,61d00b4b-7ceb-4d45-93f9-32f6ce117ce3,
61d00b4b-7ceb-4d45-93f9-32f6ce117ce3:35,2026-07-24T01:55:46.977Z,34,Red,even,high,61d00b4b-7ceb-4d45-93f9-32f6ce117ce3,
61d00b4b-7ceb-4d45-93f9-32f6ce117ce3:36,2026-07-24T01:56:24.858Z,11,Black,odd,low,61d00b4b-7ceb-4d45-93f9-32f6ce117ce3,
61d00b4b-7ceb-4d45-93f9-32f6ce117ce3:37,2026-07-24T01:57:06.597Z,22,Black,even,high,61d00b4b-7ceb-4d45-93f9-32f6ce117ce3,
61d00b4b-7ceb-4d45-93f9-32f6ce117ce3:38,2026-07-24T01:57:45.872Z,14,Red,even,low,61d00b4b-7ceb-4d45-93f9-32f6ce117ce3,
61d00b4b-7ceb-4d45-93f9-32f6ce117ce3:39,2026-07-24T01:58:21.292Z,31,Black,odd,high,61d00b4b-7ceb-4d45-93f9-32f6ce117ce3,
61d00b4b-7ceb-4d45-93f9-32f6ce117ce3:40,2026-07-24T01:58:59.598Z,1,Red,odd,low,61d00b4b-7ceb-4d45-93f9-32f6ce117ce3,
61d00b4b-7ceb-4d45-93f9-32f6ce117ce3:41,2026-07-24T01:59:44.224Z,15,Black,odd,low,61d00b4b-7ceb-4d45-93f9-32f6ce117ce3,
61d00b4b-7ceb-4d45-93f9-32f6ce117ce3:42,2026-07-24T02:00:24.363Z,8,Black,even,low,61d00b4b-7ceb-4d45-93f9-32f6ce117ce3,
1d8cf85c-f9b2-40d6-b80e-62b7e43f2a88:1,2026-07-24T03:15:01.938Z,7,Red,odd,low,1d8cf85c-f9b2-40d6-b80e-62b7e43f2a88,
b4da45d2-050c-47e6-9347-09653bfa5e27:1,2026-07-24T03:50:17.175Z,7,Red,odd,low,b4da45d2-050c-47e6-9347-09653bfa5e27,
b4da45d2-050c-47e6-9347-09653bfa5e27:2,2026-07-24T03:50:48.894Z,27,Red,odd,high,b4da45d2-050c-47e6-9347-09653bfa5e27,
b4da45d2-050c-47e6-9347-09653bfa5e27:3,2026-07-24T03:51:15.990Z,34,Red,even,high,b4da45d2-050c-47e6-9347-09653bfa5e27,
b4da45d2-050c-47e6-9347-09653bfa5e27:4,2026-07-24T03:51:45.966Z,16,Red,even,low,b4da45d2-050c-47e6-9347-09653bfa5e27,
b4da45d2-050c-47e6-9347-09653bfa5e27:5,2026-07-24T03:52:15.980Z,3,Red,odd,low,b4da45d2-050c-47e6-9347-09653bfa5e27,
b4da45d2-050c-47e6-9347-09653bfa5e27:6,2026-07-24T03:52:46.004Z,8,Black,even,low,b4da45d2-050c-47e6-9347-09653bfa5e27,
b4da45d2-050c-47e6-9347-09653bfa5e27:7,2026-07-24T03:53:15.967Z,2,Black,even,low,b4da45d2-050c-47e6-9347-09653bfa5e27,
b4da45d2-050c-47e6-9347-09653bfa5e27:8,2026-07-24T03:53:46.031Z,34,Red,even,high,b4da45d2-050c-47e6-9347-09653bfa5e27,
b4da45d2-050c-47e6-9347-09653bfa5e27:9,2026-07-24T03:54:15.975Z,5,Red,odd,low,b4da45d2-050c-47e6-9347-09653bfa5e27,
b4da45d2-050c-47e6-9347-09653bfa5e27:10,2026-07-24T03:55:45.426Z,9,Red,odd,low,b4da45d2-050c-47e6-9347-09653bfa5e27,
b4da45d2-050c-47e6-9347-09653bfa5e27:11,2026-07-24T03:56:14.957Z,2,Black,even,low,b4da45d2-050c-47e6-9347-09653bfa5e27,
b4da45d2-050c-47e6-9347-09653bfa5e27:12,2026-07-24T03:56:44.950Z,20,Black,even,high,b4da45d2-050c-47e6-9347-09653bfa5e27,
b4da45d2-050c-47e6-9347-09653bfa5e27:13,2026-07-24T03:57:14.952Z,23,Red,odd,high,b4da45d2-050c-47e6-9347-09653bfa5e27,
b4da45d2-050c-47e6-9347-09653bfa5e27:14,2026-07-24T03:57:45.802Z,10,Black,even,low,b4da45d2-050c-47e6-9347-09653bfa5e27,
b4da45d2-050c-47e6-9347-09653bfa5e27:15,2026-07-24T03:58:15.943Z,35,Black,odd,high,b4da45d2-050c-47e6-9347-09653bfa5e27,
b4da45d2-050c-47e6-9347-09653bfa5e27:16,2026-07-24T03:58:46.093Z,4,Black,even,low,b4da45d2-050c-47e6-9347-09653bfa5e27,
b4da45d2-050c-47e6-9347-09653bfa5e27:17,2026-07-24T03:59:45.921Z,7,Red,odd,low,b4da45d2-050c-47e6-9347-09653bfa5e27,
b4da45d2-050c-47e6-9347-09653bfa5e27:18,2026-07-24T04:00:44.927Z,2,Black,even,low,b4da45d2-050c-47e6-9347-09653bfa5e27,
b4da45d2-050c-47e6-9347-09653bfa5e27:19,2026-07-24T04:01:16.233Z,35,Black,odd,high,b4da45d2-050c-47e6-9347-09653bfa5e27,
b4da45d2-050c-47e6-9347-09653bfa5e27:20,2026-07-24T04:01:44.955Z,24,Black,even,high,b4da45d2-050c-47e6-9347-09653bfa5e27,
b4da45d2-050c-47e6-9347-09653bfa5e27:21,2026-07-24T04:02:15.702Z,14,Red,even,low,b4da45d2-050c-47e6-9347-09653bfa5e27,
b4da45d2-050c-47e6-9347-09653bfa5e27:22,2026-07-24T04:03:15.941Z,34,Red,even,high,b4da45d2-050c-47e6-9347-09653bfa5e27,
b4da45d2-050c-47e6-9347-09653bfa5e27:23,2026-07-24T04:03:42.909Z,1,Red,odd,low,b4da45d2-050c-47e6-9347-09653bfa5e27,
b4da45d2-050c-47e6-9347-09653bfa5e27:24,2026-07-24T04:03:55.464Z,2,Black,even,low,b4da45d2-050c-47e6-9347-09653bfa5e27,
b4da45d2-050c-47e6-9347-09653bfa5e27:25,2026-07-24T04:04:25.017Z,4,Black,even,low,b4da45d2-050c-47e6-9347-09653bfa5e27,
b4da45d2-050c-47e6-9347-09653bfa5e27:26,2026-07-24T04:04:52.079Z,1,Red,odd,low,b4da45d2-050c-47e6-9347-09653bfa5e27,
4bf76dd2-1646-40dd-b579-9a0190d9bbd9:1,2026-07-24T04:06:34.926Z,24,Black,even,high,4bf76dd2-1646-40dd-b579-9a0190d9bbd9,
4bf76dd2-1646-40dd-b579-9a0190d9bbd9:2,2026-07-24T04:06:52.496Z,3,Red,odd,low,4bf76dd2-1646-40dd-b579-9a0190d9bbd9,
4bf76dd2-1646-40dd-b579-9a0190d9bbd9:3,2026-07-24T04:07:21.070Z,15,Black,odd,low,4bf76dd2-1646-40dd-b579-9a0190d9bbd9,
4bf76dd2-1646-40dd-b579-9a0190d9bbd9:4,2026-07-24T04:08:10.953Z,21,Red,odd,high,4bf76dd2-1646-40dd-b579-9a0190d9bbd9,
4bf76dd2-1646-40dd-b579-9a0190d9bbd9:5,2026-07-24T04:08:17.964Z,13,Black,odd,low,4bf76dd2-1646-40dd-b579-9a0190d9bbd9,
4bf76dd2-1646-40dd-b579-9a0190d9bbd9:6,2026-07-24T04:08:37.970Z,2,Black,even,low,4bf76dd2-1646-40dd-b579-9a0190d9bbd9,
4bf76dd2-1646-40dd-b579-9a0190d9bbd9:7,2026-07-24T04:09:40.553Z,27,Red,odd,high,4bf76dd2-1646-40dd-b579-9a0190d9bbd9,
4bf76dd2-1646-40dd-b579-9a0190d9bbd9:8,2026-07-24T04:09:46.109Z,24,Black,even,high,4bf76dd2-1646-40dd-b579-9a0190d9bbd9,
4bf76dd2-1646-40dd-b579-9a0190d9bbd9:9,2026-07-24T04:10:09.918Z,7,Red,odd,low,4bf76dd2-1646-40dd-b579-9a0190d9bbd9,
4bf76dd2-1646-40dd-b579-9a0190d9bbd9:10,2026-07-24T04:10:31.704Z,24,Black,even,high,4bf76dd2-1646-40dd-b579-9a0190d9bbd9,
4bf76dd2-1646-40dd-b579-9a0190d9bbd9:11,2026-07-24T04:13:49.366Z,17,Black,odd,low,4bf76dd2-1646-40dd-b579-9a0190d9bbd9,
4bf76dd2-1646-40dd-b579-9a0190d9bbd9:12,2026-07-24T04:13:52.015Z,26,Black,even,high,4bf76dd2-1646-40dd-b579-9a0190d9bbd9,